questionário	questionnaire
de	of
capacidades	abilities
e	and
dificuldades	difficulties
relado	parent
pai	father
para	to
adulto	adult
instruções	instruction
responda	answer
a	to
todo	all
o	the
pergunta	question
bom	good
maneira	way
possível	possible
mesmo	same
que	that
você	you
não	no
ter	have
certeza	sure
absoluto	absolutely
ou	or
se	if
perguntar	ask
ele	he
parecer	seem
estranho	strange
dê	press
seu	your
resposta	answer
com	with
base	base
comportamento	behavior
último	last
seis	six
mês	month
ó	o
consideração	considerate
sentimento	feeling
outro	other
pessoa	people
ser	be
inquieto	restless
hiperativo	hyperactive
dificuldade	difficulty
ficar	be
sentar	sit
por	for
muito	very
tempo	time
muitas	many
vez	time
queixa	complain
dor	stomachache
cabeça	head
barriga	nausea
enjoo	nausea
compartilhar	share
exemplo	example
compartilha	willing
comir	food
bebida	drink
frequentemente	often
acesso	tantrum
raiva	anger
prefere	prefers
sozinha	alone
companhia	company
geralmente	usually
aceitar	accept
fazer	do
querer	want
preocupação	concern
preocupado	worried
tudo	everything
atencioso	considerate
alguém	someone
magoar	hurt
aflito	distressed
sentir	feel
mal	bad
estar	be
sempre	always
agitar	agitated
balançar	swinge
perna	leg
mexer	move
mão	hand
menos	less
um	a
amigo	friend
amiga	friend
briga	fight
intimidar	intimidate
triste	sad
desanimar	discourage
choroso	tearful
normalmente	usually
querido	like
facilmente	easily
perder	lose
concentração	concentration
inseguro	insecure
quando	when
algum	any
coisa	thing
primeira	first
confiança	confidence
si	itself
gentil	kind
criança	child
engano	cheat
mente	mind
incomodar	bother
sofrer	be
bullying	bully
oferecer	offer
ajudar	help
membro	member
família	family
colega	colleague
pensar	think
antes	before
rouba	steals
casa	home
escola	school
lugar	place
dar	give
melhor	well
mais	more
velho	old
medo	fear
completo	complete
tarefa	task
começar	start
achar	think
nome	name
jovem	young
emocional	emotional
pouco	little
bem	well
sim	yes
pequeno	small
definido	define
grave	serious
haver	have
quanto	how
este	these
existir	exist
mê	month
ano	year
aborrecer	annoy
nada	nothing
atrapalhar	hinder
situação	situation
abaixo	below
ela	she
próximo	next
ex	ex
parceiroa	partner
amizades	friendship
trabalho	work
estudo	study
atividade	activity
lazer	leisure
passeio	tour
esporte	sport
etc	etc
g	g
peso	weight
data	date
confidencial	confidential
aparecer	appear
dúvida	doubt
chame	call
psicóloga	psychologist
ir	will
sem	without
olhar	look
leia	read
atenção	attention
marque	mark
x	x
certo	certain
errar	wrong
apenas	only
opinião	opinion
conf	conf
respondeu	answered
recusa	refusal
motivo	reason
as	the
primeiras	first
perguntas	question
são	be
sobre	about
álcool	alcohol
alguma	have
na	na
vida	life
já	have
tomar	take
bebido	drink
como	as
cerveja	beer
vinho	wine
vodka	vodka
idade	age
primeiro	first
aplicar	apply
nunca	never
tomeir	take
nos	in
últimos	past
meses	months
frequência	often
uma	once
dois	two
mensalmente	monthly
semanalmente	weekly
diariamente	daily
quase	almost
porre	drunk
bêbedo	past
porrer	drunk
beber	drink
causar	cause
problema	problem
qual	what
consumo	consumption
alcoólico	alcoholics
vês	time
semana	week
dose	dose
consumir	consume
dia	day
típico	typical
considere	consider
lata	can
taça	glass
martelinho	mallet
destilar	distillate
garrafa	bottle
unidade	unit
alcoólica	alcohol
ocasião	occasion
pelo	by
próximas	next
cigarro	cigarette
substâncias	substances
fumar	smoke
palheiro	haystack
narguilé	hookah
charuto	cigar
mascar	chew
fumo	tobacco
fumeir	smoke
amigos	friend
usar	use
cola	glue
sapateiro	cobbler
tiner	or
cocaína	cocaine
maconha	marijuana
crack	crack
ecstasy	ecstasy
mdma	mdma
balar	bullet
ácido	acid
lsd	lsd
doce	sweet
anfetamina	amphetamine
speed	speed
ingerido	ingest
aspiradocheirado	snort
esteróides	anabolic
anabolizante	steroid
bomba	bomb
remédios	remedies
barato	high
prescrição	counter
tramal	medication
tilex	tilex
oxycotim	oxycotin
fentanil	fentanyl
lexotan	lexotan
valium	valium
lorax	lorax
rivotril	rivotril
emagrecer	weight
hipofagin	hypophagin
inibex	inibex
dualid	dualid
rebite	rivet
experimentar	try
dormir	sleep
uso	use
substância	substance
usei	use
nenhum	none
fora	out
controle	control
ideia	idea
maconho	marijuana
deixar	leave
ansioso	anxious
preocupar	worry
gostar	like
parar	stop
quão	how
difícil	difficult
desenvolvimento	development
sexual	sexual
meninas	girls
menstruou	menstre
grávida	pregnant
abortar	abortion
filho	son
vivo	live
favor	describe
número	number
quadrinho	box
contigo	you
agora	now
quadro	table
meninos	boys
engravidar	pregnant
menina	girl
aborto	abortion
ninguém	nobody
sexualidade	sexuality
esse	this
observer	look
figura	figure
acordo	accord
identificar	identify
cada	each
opção	option
sexo	sex
designar	assign
nascer	birth
dizer	say
respeito	about
nascemosqual	bear
nascimento	birth
mulher	woman
homem	man
identidade	identity
gênero	genre
perceber	realize
forma	way
reconhecessem	recognize
trans	tran
travesti	transvestite
especifique	specify
saber	know
orientação	guidance
referir	refer
atração	attraction
afetivo	affective
físico	physical
heterossexual	heterosexual
bissexual	bisexual
homossexual	homosexual
assexual	asexual
prática	practice
quem	who
marcar	mark
corressponder	correspond
mulheres	women
homens	men
travestis	transvestite
expressão	expression
nosso	our
aparência	appearance
nós	we
vestir	dress
arrumar	arrange
cabelo	hair
modo	way
agir	act
falar	talk
movimentamos	move
expressamos	express
expressar	express
totalmente	totally
feminino	female
grande	most
parte	part
andrógena	androgynous
masculino	male
relações	relationship
sexuais	sexual
relação	relation
teve	have
transar	sex
forçadoo	force
acontecer	happen
estressora	stressful
coisas	thing
podem	may
anos	year
comer	eat
dentro	within
roupa	clothe
sujo	dirty
rasgar	tear
mas	but
xingar	curse
incluir	include
familiar	family
palavra	word
burroa	stupid
idiotaa	stupid
estúpidoa	stupid
server	fit
gritar	yell
berrar	yell
apanhar	beat
seriamente	seriously
chegar	arrive
machucar	hurt
marca	brand
corpo	body
ameaçar	threaten
bater	hit
algo	something
tipo	type
fizesse	do
qualquer	any
questão	question
acima	above
conte	tell
comigo	myself
coorte	cohort
alto	high
risco	risk
agendamento	schedule
código	code
identificador	identifier
horário	schedule
fone	phone
res	res
do	young
responsável	responsible
celular	phone
endereço	address
bairro	neighborhood
entrevista	interview
psicólogo	psychologist
cpf	cpf
assinatura	signature
voltas	round
campo	field
comentários	comment
reavaliação	revaluation
psicólogos	psychologists
sair	leave
confira	check
está	be
levando	bring
material	material
apoio	support
dawba	dawba
protocolo	protocol
envelope	envelope
pardo	brown
estímulo	stimulus
bloco	block
corsi	corsi
computador	computer
testagem	testing
cognitivo	cognitive
identificação	identification
será	be
entrevistada	interviewed
fato	fact
mesma	same
foi	be
atrás	ago
deve	must
exatamente	exactly
grafado	write
escrito	on
certidão	certificate
escreva	write
letra	letter
maiúscula	letter
legível	legible
abreviações	abbreviation
acentos	accent
ç	ç
deixando	leave
quadrado	square
espaço	space
entre	between
segundo	second
sobrenomes	first
checagem	check
dados	datum
mãe	mother
biológico	biological
conforme	accord
desconhecer	unknown
onde	where
morar	live
contir	schedule
folha	sheet
realizar	perform
explicação	explanation
projeto	project
consentimento	consent
oi	oi
meu	my
eu	i
equipe	team
prevenção	prevention
acompanhar	follow
receber	receive
visita	visit
detalhar	detailed
hoje	today
complementação	complete
maioria	most
jogo	game
tentar	try
acertar	hit
máximo	maximum
puder	can
faremos	game
também	also
acerca	about
vir	come
sentindo	feel
termo	term
entregar	deliver
autorização	authorization
informação	information
importante	important
valor	amount
r	r
após	after
concluir	complete
fase	phase
participante	participant
neuroimagem	neuroimaging
exame	exam
imagem	image
psico	psycho
peça	ask
assinar	sign
vias	of
dos	of
tcles	copy
termos	terms
livre	free
esclarecido	clarified
entrevistador	interviewer
assine	sign
tcle	icf
assinado	signed
pais	parent
assentir	nod
participação	participation
portanto	so
necessário	necessary
ler	read
inteiro	whole
novamente	again
transtornos	disorders
psiquiátricos	psychiatric
infância	childhood
adolescência	adolescence
pesquisadores	researcher
responsáveis	responsible
prof	prof
dr	dr
gisele	gisele
gus	gus
manfro	manfro
luis	luís
augusto	augustus
paim	paim
rohde	rohde
convidar	invite
participar	participate
isso	this
lhe	he
emoção	emotion
ansiedade	anxiety
depressão	depression
lidar	deal
reavaliar	reevaluate
oa	oa
sra	mrs
pesquisa	research
der	der
participe	participate
pesquisador	researcher
treinar	train
aproximadamente	approximately
hora	hour
série	series
teste	test
funcionamento	operation
psicológico	psychological
avaliação	assessment
alteração	change
capacidade	ability
simples	simple
botão	button
rápido	fast
durar	last
cerca	about
semelhante	similar
àquelo	those
realização	realization
contatar	contact
selecionado	select
ressonância	mri
magnética	magnetic
rm	rm
método	method
diagnóstico	diagnosis
utilizar	use
radiação	radiation
permitir	allow
obter	get
definição	definition
órgão	organ
caso	otherwise
cérebro	brain
mesa	table
instrução	instruction
permanecer	stay
imóvel	immobile
enquanto	while
campainha	bell
contato	contact
desconforto	discomfort
indolor	painless
som	sound
emitir	issue
máquina	machine
duração	duration
minuto	minute
riscos	risks
inconveniências	inconveniences
conclusão	conclusion
possuir	have
ear	or
inconveniência	inconvenience
poder	can
cansado	tired
preenchimento	fill
constrangir	constrain
responder	answer
próprio	own
pois	because
conteúdo	content
envolver	involve
desagradável	unpleasant
minimizar	minimize
efeito	effect
avaliador	evaluator
curto	short
benefícios	benefit
benefício	benefit
direto	straight
indivíduo	individual
possibilidade	possibility
precoce	precocious
psiquiátrico	psychiatric
adequadamente	properly
informar	inform
encaminhar	refer
rede	network
saúde	health
tratamento	treatment
avançar	advance
entendimento	understanding
sigilo	confidential
privacidade	privacy
produzir	produce
mantida	keep
local	place
seguro	safe
codificar	encode
só	only
pessoal	personal
diretamente	directly
publicação	publication
científico	scientific
didático	didactic
despesas	expense
compensações	compensation
despesa	expense
ressarcer	reimburse
despender	spend
durante	during
entrevisto	interview
suficientemente	enough
li	read
descrever	describe
ficaram	stay
claro	clear
propósito	purpose
procedimento	procedure
garantia	guarantee
confidencialidade	confidentiality
esclarecimento	clarification
permanente	permanent
isento	exempt
encaminhamento	forward
voluntariamente	voluntarily
retirar	withdraw
momento	moment
penalidades	penalty
prejuízo	loss
perda	loss
adquirir	acquire
atendimento	care
serviço	service
direito	right
comitê	committee
ética	ethics
hospital	hospital
clínicas	clínicas
telefone	telephone
giovanni	giovanni
salum	salum
jr	jr
dra	dr
departamento	department
psiquiatria	psychiatry
medicina	medicine
legal	legal
universidade	university
federal	federal
rio	river
sul	south
porto	porto
alegre	alegre
através	through
sp	sp
inpd	inpd
testemunhar	witness
àquelas	those
selecionar	select
atualização	update
registro	registration
cursar	study
ensino	high
médio	school
abandonou	left
expulso	expel
formado	graduated
no	in
preso	arrested
fundação	fundação
continuar	continue
fizemos	do
sabe	know
estudar	study
atualmente	currently
lista	list
escolas	schools
custódio	custodio
mello	mello
francisco	francisco
viera	viera
caldas	caldas
josé	josé
patrocínio	patrocínio
eng	eng
ildo	ildo
meneghetti	meneghetti
almirante	admiral
bacelar	bacelar
japão	japan
eva	eva
carminatti	carminatti
cel	cel
aparício	aparício
borges	borges
álvaro	álvaro
amotta	amotta
silva	silva
odila	odila
gay	gay
fonseca	fonseca
brigadeiro	brigadier
lima	lima
antão	antão
faria	faria
mariz	mariz
barros	barros
itália	italy
dom	dom
pedro	pedro
raul	raul
pilla	pilla
dolores	dolores
alcaraz	alcaraz
diogo	diogo
souza	souza
julio	julio
brunelli	brunelli
mons	mon
leopoldo	leopoldo
hoff	hoff
edgar	edgar
luiz	luiz
schneider	schneider
loureiro	loureiro
paulo	paulo
adelina	adelina
issa	issa
ashcar	ashcar
nossa	our
aparecida	aparecida
alcides	alcides
gonçalves	gonçalve
oswaldo	oswaldo
walder	walder
profandré	profandré
dreyfuss	dreyfuss
pandiá	pandiá
calógeras	calógeras
annita	annita
atalla	atalla
voss	voss
antonio	antonio
castelar	castelar
franceschi	franceschi
humaitá	humaitá
arthur	arthur
sabóia	saboia
república	republic
paraguay	paraguay
astrogildo	astrogildo
roberto	roberto
mange	mange
brasil	brazil
rodrigues	rodrigue
alves	alve
caetano	caetano
campos	campos
presidente	president
roosevelt	roosevelt
calixto	calixto
aranha	aranha
deputado	deputy
rubens	rubens
amaral	amaral
carolina	carolina
augusta	augusta
costa	costa
galvão	galvão
samuel	samuel
klabin	klabin
daisy	daisy
fugiwara	fugiwara
silvio	silvio
braga	braga
marechal	marshal
floriano	floriano
solano	solano
trindade	trindade
henrique	henrique
henfil	henfil
tarsila	tarsila
jacques	jacques
maritain	maritain
terezinha	terezinha
medeiros	medeiros
profjulia	profjulia
collaço	collaço
frança	frança
valentim	valentim
melvin	melvin
jones	jones
visconde	viscount
itaúna	itaúna
mildre	mildre
biaggi	biaggi
turmasala	classsala
atual	current
turma	accord
sabenão	know
aplica	do
estágio	internship
remunerar	pay
emprego	job
temporário	temporary
fixo	steady
ddmmaaaar	mmmmmm
anotar	note
declaração	declaration
respondente	respondent
opções	option
cor	color
pele	skin
branca	white
negra	black
branco	white
negro	black
parda	brown
indígena	indigenous
asiática	asian
residência	residence
facebook	facebook
prosseguir	proceed
mínimo	minimum
telefones	phone
anotados	announced
contatos	contact
parentesco	kinship
seção	section
anote	down
aplicação	application
turno	shift
ocorrendo	occur
manhã	morning
tarde	afternoon
exata	exact
início	beginning
inicie	start
digitador	typist
digite	enter
etiqueta	label
net	net
lado	below
mostre	show
respondar	answer
item	item
falso	false
verdadeiro	true
basear	base
preocupo	about
consigar	can
lição	homework
mexo	move
esbarrar	bump
derrubar	knock
vontade	will
dividir	share
emprestar	borrow
caneta	pen
fico	get
bravo	angry
perco	lose
paciência	patience
sozinho	alone
obediente	obedient
pedir	ask
pareço	seem
brigo	fight
consigo	can
façer	do
chateado	upset
geral	general
nervoso	nervous
diferente	different
novo	new
acusar	accuse
mentir	mind
trapacear	cheat
perturbam	disturb
pé	foot
ofereço	offer
professor	teacher
pegar	take
sinto	feel
assusto	scare
terminar	finish
começo	start
prestar	pay
escala	scale
pensando	think
acabar	just
àpule	skip
página	page
seguinte	follow
separação	separation
continue	continue
mostrar	show
aprendizado	learning
escolar	school
atividades	activity
passeios	tours
esportes	sports
tornar	make
conviver	live
particularmente	particularly
ligar	connect
buscar	seek
segurança	safety
principalmente	primarily
ligadoo	attach
biológic	biological
adotivo	foster
b	b
madrasta	stepmother
substitutar	substitute
companheira	companion
padrasto	stepfather
substituto	substitute
companheiro	partner
f	f
outros	other
parente	relative
irmãoirmã	adult
babá	babysitter
cuidar	care
professores	teachers
j	j
assinalar	tick
pergunte	ask
contrário	otherwise
k	k
irmã	sister
pule	skip
social	social
ligadoa	attach
liste	list
até	to
daqui	from
chamar	call
ligação	liaison
separadoa	separate
criançasjovem	child
reage	react
comparadoo	compare
interessado	interested
rotina	routine
especialmente	especially
preocupadoa	worried
ponto	point
área	area
sdq	sdq
maior	great
igual	equal
então	then
comparar	compare
mau	bad
real	real
afastar	remove
sequestradoa	kidnap
levadoo	take
mortoa	kill
recusar	refuse
receio	fear
ruim	bad
incluar	include
razão	reason
sozinhoa	alone
quarto	room
noite	night
procura	look
pesadelo	nightmare
enjôo	you
separadoar	separate
idéia	idea
preocupadoo	worried
chorar	cry
crise	tantrum
birra	tantrum
desde	since
interferir	interfere
noa	we
ouvir	hear
isto	this
descreva	describe
levar	lead
qualidade	quality
relacionado	to
ajuda	help
diferença	difference
especificamente	specifically
rotineiro	routine
conta	bill
timidez	shyness
determinar	certain
conhecer	know
encontrar	find
festa	party
frente	front
discussão	argument
sala	classroom
aula	class
voz	voice
escrever	write
ataques	attacks
pânico	panic
agorafober	agoraphobia
eles	they
estáão	be
perto	close
presença	presence
alternativa	alternative
envolr	involve
junto	together
oportunidade	opportunity
intenso	intense
chave	key
estáao	be
somente	only
criançasadole	childrenadole
cente	hundred
adolescente	adolescent
conseguir	can
porque	because
embaraçoso	embarrassing
chamer	attention
fica	turns
vermelhoa	red
tremer	shake
vomitar	vomiting
precisa	need
correr	run
banheiro	bathroom
temer	fear
lá	there
prestes	about
nervosoa	nervous
aborrecidoa	upset
talvez	maybe
freqüênciar	often
assim	so
evitar	avoid
diário	diary
excessivo	excessive
irracional	irrational
fobia	phobia
aborreçar	annoy
sentido	feel
piores	bad
gravidade	severity
agorafobia	agoraphobia
passar	spend
ansiosaso	anxious
aparentemente	apparently
boba	silly
importância	importance
forte	strong
aparente	apparent
causa	of
repente	suddenly
agitadoar	agitated
ansiedadepânico	do
repentinamente	suddenly
elas	they
atingir	meet
pico	and
coração	heart
acelerar	racing
disparar	race
suar	sweat
tremores	tremors
sua	your
boca	mouth
seca	dry
respirar	breathe
engasgar	choke
sensação	feeling
peito	chest
estômago	stomach
virado	turn
tontura	dizziness
desmaio	faint
vazer	empty
redor	unique
irreal	unreal
ali	there
louco	crazy
desmaiar	pass
morrer	die
frio	cold
calor	heat
formigamento	tingle
paralisado	paralyze
multidões	crowd
lugares	place
público	public
viajar	travel
longe	away
evita	avoid
ataque	attack
diarreia	diarrhea
envergonhadoa	embarrassed
tiver	have
obsessões	obsessions
compulsões	compulsions
específico	specific
aprendizar	learn
famíler	family
pânicoagorafobio	panicagoraphobia
ambos	both
depender	depend
apresentar	present
evitação	avoidance
detalhe	detail
ocorrer	occur
gostaríamos	we
multidão	crowd
interfer	interfere
superstição	superstition
pisar	step
linha	line
calçada	sidewalk
seguir	follow
ritual	ritual
sorte	luck
prova	exam
objeto	object
traga	bring
esportivo	a
pareçar	seem
fixar	fixate
assunto	subject
particular	private
carro	car
conjunto	set
musical	musical
time	team
futebol	football
mania	quirk
além	addition
excessivamente	excessively
gruardar	glue
precisar	need
dever	should
digitar	type
regular	regular
plataforma	platform
repetidamente	repeatedly
precisasse	need
limpeza	cleaning
banho	bath
escovar	brush
dente	teeth
medida	measurement
sujeira	dirt
germe	germ
perigoso	dangerous
elétrico	electrical
gás	gas
tranco	lock
porta	door
forno	oven
repetir	repeat
várias	several
entrar	contact
tocar	touch
simétrica	symmetrical
organizado	organize
contar	count
azar	unlucky
obsessivamente	obsessively
capaz	able
tirar	take
reposta	answer
obcecadoa	obsessed
terrível	terrible
doença	illness
regra	rule
continuação	continuation
obsessão	obsession
amplo	comprehensive
separar	separate
implicação	implication
generalizada	generalized
presente	present
resistir	resist
neutro	neutral
aborrecem	annoy
gosto	taste
média	average
compulsão	compulsion
deleo	if
animal	animal
trovão	thunder
elaseles	they
diverso	various
específica	specific
pontuação	score
tão	so
outrosa	other
passado	past
fiz	do
magoei	hurt
perdoar	forgave
desastres	disasters
roubos	robbery
assalto	assault
incêndio	fire
população	population
mundial	world
guerra	war
futuro	future
mudar	change
namoradoa	girlfriend
manter	keep
amizade	friendship
morte	death
provocar	provoke
atormentar	torment
rua	street
controlar	control
coluna	column
tenso	tense
incapaz	unable
relaxar	relax
cansadoa	tired
concentrar	concentrate
irritável	irritable
tensão	tension
muscular	muscle
sono	sleep
adormecer	asleep
agitado	restless
insatisfatório	unsatisfactory
generalizado	generalized
gerar	create
tanto	much
tristeza	sadness
humor	mood
período	period
desanimadoa	discourage
infeliz	unhappy
chorosoa	tearful
houve	be
os	the
animadoo	excited
realmente	really
semanas	week
irritabilidade	irritability
irritadoa	irritated
costumar	usually
praticamente	practically
humoradoa	moody
irritadoo	angry
melhorar	improve
interesse	interest
prazer	pleasure
falta	lack
tristezar	sadness
energia	energy
cansadoo	tired
mudança	change
apetite	appetite
p	p
ganhar	gain
demais	too
agitadoa	restless
inquietoa	restless
desvalorizadoa	undervalue
culpadoa	guilty
claramente	clearly
suicídio	suicide
comunique	communicate
extrema	extreme
próprioa	own
nível	level
relevante	relevant
comente	comment
excesso	excess
culpa	guilt
esperança	hope
pensamento	thought
jeito	way
episódio	episode
baixo	low
desencadear	trigger
cima	up
eufórico	euphoric
invés	than
ajudaria	help
mudanças	rapid
rápir	rapid
exageradamente	overly
pra	euphoric
razoavelmente	fairly
estável	stable
mudam	change
rapidamente	quickly
definir	define
irritado	angry
definida	define
rápida	fast
pex	pex
imprevisível	unpredictable
evento	event
frequente	frequent
minutos	minute
horas	hour
eufóricoa	euphoric
eufóricoso	during
animado	excited
cheio	full
clínica	clinic
psicose	psychosis
normal	usual
ativo	active
consegue	can
barulhento	noisier
propenso	likely
gastar	spend
dinheiro	money
sensualizar	sensual
mudando	change
plano	plan
constantemente	constantly
conversa	conversation
excitável	excitable
meter	trouble
apuro	trouble
invadir	invade
conversar	talk
auto	self
confiante	confident
grandioso	grandiose
q	q
colocar	put
brincando	playing
rir	laugh
expansivo	outgoing
sociável	sociable
conversador	talkative
t	t
explosão	outburst
distraído	distract
v	v
w	w
mandão	boss
y	y
z	z
viu	saw
ouviu	hear
acreditar	believe
especial	special
fez	do
depois	after
arrepender	regret
profundamente	do
extremo	extreme
contasse	tell
todas	all
recomendação	recommendation
explore	explore
indicação	indication
descrição	description
detalhada	detailed
sintoma	symptom
utilize	use
pode	can
me	panic
disso	of
falando	tell
caracterize	characterize
frequencia	frequency
incômodo	how
sofrimento	suffering
probabilidade	likelihood
psicótico	psychotic
bruxario	witchcraft
macumba	macumba
sobrenatural	supernatural
incomoda	bother
incomodo	bother
bastante	quite
experiência	experience
relatada	report
verdadeiramente	truly
fugir	escape
normalidade	normality
improvável	unlikely
provável	likely
certamente	certainly
dúvidapsico	psychological
ao	below
objetivo	objective
investigar	investigate
lida	deal
suas	your
crenças	beliefs
crendices	beliefs
bruxaria	and
incomodam	annoy
atrapalham	disturb
revista	magazine
jornal	newspaper
filme	movie
tv	tv
preste	pay
sinais	sign
autoreferência	believe
seja	be
jornais	newspaper
televisão	television
falam	talk
investigação	investigation
refere	refer
delirios	delusion
pessoas	people
clones	clones
estão	be
disfarçadas	disguised
ainda	still
sentimentos	feeling
falsas	fake
dissimuladas	confused
perseguir	chase
delírios	delusion
persecutórios	delusion
mandar	send
mensagem	message
significado	meaning
percepções	perception
comunicação	communication
baseadas	base
fatos	fact
reais	real
entende	understand
recebendo	receive
intenção	intention
interlocutor	interlocutor
ás	sometimes
organizar	organize
contra	against
conspiração	conspiracy
complô	complo
destino	destine
delírio	delusion
grandeza	greatness
predestinada	predesigned
comunicar	communicate
telepática	delusion
aparelho	device
eletrônico	electronic
influenciar	influence
influencia	influence
externa	external
comando	command
interpretar	interpreting
olhando	look
prestando	to
verdade	truth
ficou	be
esvaziada	empty
tem	have
pensamentos	thought
roubar	steal
roubo	robbery
inserção	insertion
idéias	idea
próprios	own
colocados	put
transmissão	transmission
eco	echo
produzidos	produced
voltam	go
diferenciar	different
reverberação	reverberation
excessiva	excessive
leva	takes
pensandor	thinking
instante	time
sob	under
força	force
comanda	command
alucinações	hallucination
auditivas	auditory
impressão	impression
substituir	replace
clone	clone
impostor	imposter
substituído	replaced
parece	seems
ver	see
visuais	visual
personagem	character
desenho	drawing
animar	cheer
vídeo	video
história	story
confunde	confuse
situações	situations
virtuais	virtual
acha	think
namora	novelabeliefs
mocinho	date
novelaacredita	boy
super	super
herói	hero
mentira	lie
distinguir	distinguish
imaginário	being
mental	mental
incomum	unusual
questionável	questionable
leve	take
elaboração	elaboration
crença	belief
convencional	conventional
entendir	understand
entender	understand
vaga	vacancy
mundo	world
entrevistar	interviewee
formal	formal
clara	clear
articular	articulate
fonte	source
moderado	moderate
perplexidade	perplexity
incerteza	uncertainty
moderadamente	moderately
referencial	referential
certos	certain
pleno	of
convicção	conviction
resultar	result
comportamental	behavioral
incomun	unusual
conter	contain
absolutamente	absolutely
excêntrico	eccentric
altamente	highly
duvidar	doubt
beirar	border
embora	although
marcante	memorable
texto	text
desse	this
bizarro	bizarre
relacionar	relate
impossível	impossible
referência	reference
exemplos	example
explicar	explain
desorientar	disorient
ambiente	environment
te	you
percepção	perception
único	single
direcionar	direct
ocorrir	happen
volta	around
enviar	send
absurr	absurd
impulso	impulse
fabricar	manufacture
passividade	passivity
somática	somatic
teu	your
atribuir	attribute
introdução	introducing
remoção	removing
transmitir	convey
leitura	read
existem	there
experiências	experience
sensoriais	sensory
incomuns	unusual
nenhuma	none
perceptivo	perceptual
percepçõe	perception
exacerbar	exacerbate
entorpecir	dull
ilusão	illusions
angustiante	distress
hipnagôgica	hypnopompic
hipnopômpico	hypnagogic
intrigante	intriguing
distorçõesilusão	distortion
intensasvívir	intense
murmúrio	murmur
indiferenciar	undifferentiated
natureza	nature
desrealização	derealization
despersonalização	depersonalization
vívido	vivid
classificação	rate
fugaz	fleeting
transitóri	transient
plausível	plausible
associar	associate
verdadeiras	true
alucinação	hallucination
assustador	scary
grau	degree
eleela	eleela
vivencia	experience
vivenciar	experience
avaliar	assess
visão	vision
audição	hearing
tato	touch
paladar	taste
olfato	smell
aonde	where
notar	notice
ouve	hear
cheiro	smell
tua	your
logo	soon
discurso	speech
entrevistado	respondent
nuncaausência	neverabsence
lógico	logical
desorganização	disorganization
subjetiva	subjective
imperceptível	imperceptible
meio	middle
vago	vague
evidência	evidence
circunstancialidade	circumstantial
irrelevância	irrelevance
padrão	pattern
raciocínio	reasoning
levemente	slightly
desconexo	disjoint
elo	link
tangencial	tangential
crescente	grow
frustração	frustration
tangencialidader	tangency
acentuar	accentuate
reestruturação	restructuring
apelar	resort
gesticulação	gesticulation
mímica	mime
coerência	coherence
ininteligível	unintelligible
significativo	significant
associação	association
frouxa	loose
organização	organization
adequado	adequate
formular	formulate
desenvolver	develop
coerente	coherent
encadeamento	chain
devido	due
errado	wrong
circunstancial	circumstantial
extremamente	extremely
abstrato	abstract
concreto	concrete
condensar	condense
freqüência	often
repete	repeats
estranha	strange
conversação	conversation
embotamento	dullness
observar	observe
anormalidade	never
constricção	constriction
constrição	constriction
observável	observable
demonstrar	demonstrate
expressividade	expressiveness
reduzir	reduce
distanciamento	detachment
estabelecer	establish
acentuado	inertia
inércia	great
observador	observer
diminuição	decrease
emotividade	emotionality
total	total
espontâneo	spontaneous
afeto	affection
esperar	wait
contexto	context
parâmetro	parameter
entonação	tone
facial	facial
gesto	gesture
reduzido	reduce
distante	distant
vazio	void
robotizar	robotic
reparar	notice
esvaziado	deplete
desfrutar	thing
feliz	happy
comentário	comment
frase	sentence
raramente	rarely
às	sometimes
vezes	twice
durmo	sleep
sigar	follow
enlouquecer	crazy
tremo	tremble
suo	a
afirmação	statement
sufocar	suffocate
vergonha	embarrassed
tonto	dizzy
jogar	play
praticar	practice
baile	dance
tímir	shy
término	end
desempenho	performance
subteste	subtest
escrita	write
escritar	write
ditado	dictation
isolar	isolate
compreender	understand
redação	write
compor	consist
final	end
recolher	collect
erro	error
computar	compute
inversões	inversion
adição	addition
omissão	omission
substituição	substitution
sílaba	syllable
considerar	consider
mãos	hands
ficha	sheet
palavras	word
frases	phrase
tenha	have
lápis	pencil
borracha	eraser
das	the
seguida	followed
pela	by
correspondente	corresponding
repita	repeat
incentive	encourage
solicitar	request
apagar	delete
julgar	feel
incorreta	incorrect
solicite	request
soletre	spell
faça	the
anotação	note
escreveu	write
possa	can
acerto	hit
adições	addition
omissões	omission
substituições	substitution
letras	letter
considerados	considered
erros	errors
pingo	pingo
esquecer	forget
cortar	cut
corretos	correct
estiverem	be
distinguíveis	distinguishable
respectivamente	respectively
souber	know
tdenome	tdename
oral	oral
lir	read
escore	score
correto	correct
despendir	take
tde	tde
cronometrar	time
fichas	sheets
cronômetro	stopwatch
aponte	point
olhe	look
cuidado	care
comece	start
aqui	here
diante	to
considerada	considered
correta	correct
segunda	second
tentativa	attempt
for	be
duas	two
estimulações	stimulation
corrija	correct
espontaneamente	spontaneously
ocorra	occur
examinador	examiner
hesitante	they
diga	say
crianças	child
pequenas	will
permitido	allowed
apontarindicar	pointing
dedo	finger
preocupe	worry
lear	read
iniciar	start
ligue	on
pato	duck
mato	bush
vela	candle
fita	tape
nata	cream
lobo	wolf
janela	window
minha	my
saco	bag
garra	claw
caju	cashew
sapato	shoe
osso	bone
agulha	needle
caminhão	truck
tijolo	brick
costas	back
tamanho	size
mel	honey
arte	art
isca	bait
armadura	armor
moeda	coin
bandeja	tray
aplicado	apply
trevo	clover
floresta	forest
globo	globe
atlas	atlas
guitarra	guitar
bruto	gross
tempestade	storm
pingado	drip
exausto	exhaust
garagem	garage
hospedaria	inn
trouxe	bring
azedo	sour
chocalho	rattle
durex	durex
sucesso	success
rapidez	speed
luxuoso	luxurious
lençóis	linen
aeronaútica	aeronautic
quiosque	kiosk
repugnante	disgusting
isqueiro	lighter
advogado	lawyer
atmosfera	atmosphere
coalhada	curd
tdetempo	tdetime
andresimi	andresimi
highlight	highlight
compreensão	understanding
leitora	read
habituado	use
procure	find
silenciosamente	silently
leiar	read
oralmente	orally
fidedigna	evaluator
fornecer	provide
plastificar	laminate
limitar	limited
deixe	leave
indique	indicate
apresentação	presentation
finalizada	finished
aguarde	wait
transcrever	transcribe
retire	remove
apresente	present
pense	think
correção	correction
crivo	screen
pirâmide	pyramid
construír	build
incorreto	incorrect
finalidade	purpose
sepultar	bury
múmia	mummy
mastaba	mastabas
abrigar	house
estátua	statue
falecido	deceased
agricultor	farmer
trabalhar	work
construção	construction
quatro	four
mumificar	mummifying
técnica	technique
preservar	preserve
egípcio	egyptians
empregar	use
livro	book
mortos	dead
guia	guide
viagem	travel
alvo	a
encontrariar	find
tumba	tomb
faraó	pharaoh
ficção	fiction
aproveitar	capitalize
dígitos	digits
ordem	order
direta	direct
vou	go
escute	listen
cuidadosamente	carefully
num	inflection
ritmo	rhythm
inflexão	digit
dígito	of
seqüência	sequence
interrupção	interruption
zero	zero
nas	in
tentativas	attempts
pontos	point
ambas	both
tent	try
dgd	dgd
inversa	reverse
trás	backwards
disser	tell
corretamente	correctly
lembre	remember
inverso	reverse
ajude	help
blocos	block
cubo	cube
azul	blue
apontar	point
fizer	do
psicotoque	psychotouch
cubos	cubes
toque	touch
aleatorização	randomization
testes	test
computadorizados	computerized
devem	should
aplicados	apply
aleatória	random
sequencia	sequence
sequencias	sequences
diferentes	different
corresponde	correspond
gerais	general
neuropsicológicos	start
lembrete	reminder
neuropsicológica	neuropsychological
realizada	perform
sejam	be
realizados	carry
menor	juvenile
interferência	interference
desligue	turn
desligar	off
dela	turn
avise	warn
comerbeber	drink
começarem	begin
ajustando	adjust
posição	position
revisada	each
ajuste	adjust
volume	volume
brilho	brightness
ligado	attached
bateria	battery
implicações	implication
cm	cm
tela	screen
palmo	beyond
recostada	back
cadeira	chair
nem	not
braços	arms
esticados	stretched
aumentando	increase
distância	and
diminui	decrease
periférica	peripheral
atrapalha	hurts
tarefas	tasks
utilização	use
ampla	wide
laptop	laptop
aberta	open
visualização	view
estiver	be
faz	do
projete	project
visualizar	it
teclado	keyboard
fechada	closed
impeça	prevent
adequada	proper
sentada	sitting
centro	center
superfície	surface
fixa	fixed
apoiada	support
apoiar	support
pensa	think
variações	variations
enormes	huge
reação	reaction
inadmissível	inadmissible
iniciando	start
abra	open
atalho	shortcut
extensão	extension
arquivo	file
aberto	open
ebs	ebs
enter	enter
the	the
subject	subject
number	number
indicar	indicate
session	session
ok	ok
with	with
above	above
statup	statup
info	info
digitado	enter
aperte	press
cancel	cancel
warning	warn
file	file
andor	andor
recovery	recovery
already	already
exists	exists
confirme	confirm
deseja	want
subscrever	subscribe
anterior	previous
repetição	repetition
vc	repeat
repetindo	you
digitando	enter
anteriormente	previously
testada	test
errada	wrong
cancelar	cancel
pressionar	press
concomitantemente	ctrlalt
teclas	keys
shift	shift
joguinho	game
repassar	over
aplique	apply
determinada	determined
use	use
essa	this
aplicando	apply
seguindo	follow
gng	gng
mstr	mstr
gonogo	gonogo
è	è
acento	accent
selecione	select
administrada	administer
informações	information
corretas	correct
enxergar	see
seta	arrow
verde	green
direita	right
apertar	press
esquerda	left
ponta	head
irer	we
posicione	position
dedos	finger
indicadores	indicator
botões	button
mouse	mouse
notebook	notebook
clicar	click
práticos	practical
teremos	have
prático	practical
instruir	instruct
orientar	guide
acertando	right
rosto	face
erra	mistakes
desviar	divert
distrator	him
tcgng	tcgng
go	go
aleatorio	random
realizou	perform
intercorrências	intercurrence
problemas	problems
técnicoslogísticos	technical
influência	logistics
repetida	repeat
programa	program
recomeço	restart
incompleta	incomplete
recusou	refused
ruido	noise
ruído	noise
ideal	ideal
silencio	silence
circulação	circulation
outras	other
intensa	intense
isolado	isolated
distração	distraction
comprometido	commit
comprometiment	commitment
comprometimento	commitment
mstroop	mstroop
vermelho	red
direção	direction
tecla	key
entendeu	understand
veio	come
vermelha	red
tcmstr	tcmstr
stroop	stroop
modificado	modified
treinamentoetc	training
task	task
choice	choice
reaction	reaction
short	short
medir	measure
estrela	star
cruz	cross
face	face
estrelinha	star
fique	be
atento	careful
cometer	make
começarr	we
vier	come
apertará	press
aperta	press
devagar	slowly
dot	dot
probe	probe
spaceship	spaceship
astronauta	astronaut
voar	fly
espaçonave	spaceship
oxigênio	oxygen
nave	ship
aliar	allied
enxergarr	see
barra	spacebar
àpsico	apsico
repor	replenish
aliado	the
sobreviver	survive
enfrentar	face
desafio	challenge
defender	defend
invasor	invader
ativar	activate
escudo	shield
invisibilidade	invisibility
consiga	can
vindo	come
prever	expect
invisível	invisible
aliada	ship
fazendo	do
apertando	press
chega	arrive
dominante	dominant
tabagismo	smoking
drogas	drugs
continuamente	continuously
irmão	brother
irmãr	sister
avôavó	grandfathergrandmother
tiotia	auntie
somar	add
ingerir	drink
convívio	socializing
droga	drug
ilícito	illicit
expostoa	expose
alterar	alter
assistir	watch
dizemos	say
bulin	a
estudante	student
grupo	group
maldoso	mean
elea	elea
importunar	pester
apelido	nicknames
humilhar	humiliate
indefeso	helpless
empurrar	push
quebrar	break
pertence	belonging
ignorar	ignore
diversas	several
culpar	guilty
entregue	delivery
explique	explain
sigiloso	confidential
secreto	secret
disponível	available
coloque	put
sele	seal
preenche	complete
preencha	fill
observacional	observational
preencher	in
vizinho	neighbor
localidade	locality
frequento	attend
caracterizar	characterize
frequentar	attend
condição	condition
ruins	bad
razoáveis	reasonable
boas	good
boa	good
ótimas	great
lixo	garbage
pichações	graffiti
pintar	paint
carros	car
abandonar	abandon
queimar	burn
vandalismo	vandalism
conservação	conservation
calçadas	sidewalks
ruas	street
casas	houses
praçaslocais	squaresplaces
convivência	coexistence
andar	walk
sentiriar	feel
semáforos	traffic
sinal	sign
trânsito	lighthouse
rs	rs
farol	light
placas	sign
limite	limit
velocidade	speed
veículo	vehicle
pedestre	crosswalk
lombadas	spin
iluminação	lighting
sido	be
mora	life
classificazer	rate
classificar	classify
barraco	shack
cômodo	room
morador	resident
sede	headquarters
agradecer	appreciate
longo	long
colaboração	cooperation
voltamos	we
barulho	noise
afazer	task
delicado	sensitive
mantido	maintain
acolhir	welcome
delicar	sensitive
sessão	session
necessidade	need
vodkar	vodka
solvente	solvent
line	line
typewriter	typewriter
cemoab	cemoab
cphysab	cphysab
cphysneg	cphysneg
cseabr	cseab
textbox	textbox
questões	question
desta	this
grávido	pregnant
menino	boy
trauma	trauma
aptidões	skills
sociais	social
criançaspessoa	child
delea	dele
pior	bad
brincadeira	play
reagir	react
fácil	easy
tema	topic
flexível	flexible
encontra	find
espírito	sportsmanship
erradoa	wrong
entrelinha	line
sentindar	feel
resolver	sort
ressentimento	resentment
liderar	lead
apropriar	appropriate
copyright	copyright
robert	robert
goodman	goodman
entrevistadora	interviewer
domiciliar	home
avulso	release
conduzir	conduct
precedidas	by
chamado	call
caixa	box
alta	italic
itálico	italic
essas	these
lidas	read
precedir	precede
colocado	place
linguajar	language
coloquial	colloquial
habitual	usual
indicado	indicate
referirr	refer
índice	index
pulo	skip
condicionar	will
aquele	those
cinza	gray
pontilhado	dotted
facilitar	easy
espontânea	spontaneous
anoter	write
corresponder	correspond
relato	report
cartão	card
grafar	spell
interpretação	interpretation
imparcial	impartial
confirar	check
kit	kit
abordagem	approach
inicial	initial
comportamentos	behaviors
tratamentos	treatments
cbcl	cbcl
dybocs	dybocs
sintomas	symptoms
sensível	sensitive
caroa	dear
etapa	stage
breve	soon
consentir	consent
agendar	schedule
magnético	of
gratuito	free
custo	cost
financeiro	financial
compensação	compensation
havendo	if
comunicado	communicate
análise	analysis
cópia	copy
avulsa	single
cópias	copy
internas	internal
assinou	signed
testemunha	witness
assina	sign
riso	laugh
penalidade	penalty
solicitação	request
liberação	release
dado	datum
adicional	additional
filhoa	child
liberadoa	release
instituto	institute
nacional	national
agenda	book
caderno	book
última	last
falecimento	death
sangue	blood
entrevistas	interviews
anteriores	previous
foram	be
realizadas	perform
biológica	biological
afirmar	say
siga	follow
gerente	manager
eleito	elect
mediante	through
motivos	reason
expostos	expose
recusado	refuse
encerre	visit
remarcada	rescheduled
faleceu	die
eleger	elect
critério	criteria
passa	spend
remarque	close
falecer	die
avó	grandmother
avô	grandmother
tia	aunt
tio	uncle
prima	cousin
primo	cousin
horasdiar	daytime
escolaridade	education
analfabeta	illiterate
fundamental	school
incompleto	incomplete
antigo	former
colegial	school
superior	education
faculdade	college
coccupation	coccupation
governo	government
remuneração	remuneration
bolsa	scholarship
famílio	family
mensal	monthly
comparação	compare
pioraram	got
melhoraram	improve
culto	service
missa	masse
religião	religion
predominante	predominant
católica	catholic
evangélica	evangelical
espírita	spiritist
protestante	protestant
umbanda	umbanda
respondendo	answer
falecida	death
desconhecida	unknown
materno	mother
reg	reg
principal	main
biológicomadrasta	biological
cidade	city
estado	state
residencial	home
possui	have
comercial	business
cep	cep
analfabeto	illiterate
terceiro	third
is	be
in	in
redcap	redcap
without	without
study	study
elementary	elementary
school	school
complete	complete
intensive	intensive
middle	middle
high	high
junior	junior
incomplete	incomplete
higher	high
education	education
postgraduate	postgraduate
master	masters
does	do
not	not
correct	correct
did	do
finish	finish
former	former
completed	complete
finished	finish
studies	study
doctorate	doctorate
ocupação	occupation
desempregada	unemployed
informal	informal
lar	home
afastada	away
poa	poa
aposentada	retire
presa	catch
regime	regime
fechar	closed
renda	income
casada	married
casadar	married
solteira	single
separada	separate
divorciada	divorced
viúva	widow
separadosdivorciado	separateddivorce
cód	code
amigável	friendly
conflito	conflict
conflituosa	conflict
presenciar	witness
conflituoso	conflicting
estresse	stress
secção	section
desconhecido	unknown
paterno	father
amigosem	unrelated
biológicapadrasto	biological
pagar	pay
pensão	alimony
alimentícia	options
paga	pay
acordar	agree
empregado	employee
desempregado	unemployed
aposentado	retired
contribuir	contribute
regularmente	regularly
soma	sum
todos	all
contribuem	contribute
incluindo	include
membros	member
casado	married
solteiro	single
separado	separate
divorciado	divorced
viúvo	widower
abrir	open
caderneta	book
perderr	lose
expor	expose
semanal	weekly
diariamentequase	dailyalmost
ml	ml
cálice	glass
cigarror	cigarette
cigarrosder	cigarettesday
medicação	medication
médico	doctor
analgésico	painkiller
opióide	opioid
codeína	codeine
meperidina	meperidine
estimulante	stimulant
ritalina	ritalin
remédio	medication
diazepam	diazepam
esteroide	anabolic
opióides	opioid
umaduas	once
ns	ns
sedativos	sedative
alucinógeno	hallucinogen
inalante	inhalant
heroíno	ecstasy
inalantesolv	inhalantsolv
heroína	heroin
agredir	assault
seusua	your
tabela	table
marcação	mark
pontual	off
semestre	semester
semestres	semesters
re	re
nc	nc
morou	live
abrigo	shelter
ed	ed
uc	uc
ão	ion
ra	frog
ba	ba
lh	h
frequentou	attend
crecher	daycare
integral	full
parcial	partial
esportiva	sport
cultural	cultural
música	music
teatro	theater
ut	ut
ev	ev
to	to
mudou	change
trocou	change
repetiu	repeat
suspender	suspend
sério	serious
presenciou	witness
constante	constant
vítima	victim
violência	violence
acidente	accident
inundar	flood
catástrofe	disaster
natural	natural
cuidador	caregiver
perdeu	lose
pontue	score
aprendizagem	learning
psicoterapia	psychotherapy
veja	see
medicações	medication
usadas	use
listada	list
usou	use
aprox	approx
melhora	improvement
med	med
abrev	abbrev
seuseu	your
filhofilhar	child
beneficiar	benefit
medicamento	medication
prescrito	prescribed
prescritar	prescribe
profissional	professional
psiquiatra	psychiatrist
clínico	practitioner
posto	post
pediatra	pediatrician
particularpagoconvênio	privatepagoagreement
terapia	therapy
terapeuta	therapist
somando	add
ocupacional	occupational
internar	hospitalize
internação	hospitalization
especializar	specialize
internaçãoão	hospitalization
acompanhamento	follow
linguagem	language
orientadora	guidance
psicopedagogopedagogo	psychopedagoguepedagogue
sabeb	know
passagem	pass
assistente	worker
nfat	nfat
conselho	advice
tutelar	guardian
promotoria	prosecutor
juizar	court
febemfasefundação	febemfasefonation
eou	eou
rasgado	tear
idiota	idiot
estúpidoo	stupid
servir	be
machucadoa	his
pphyab	pphyab
pphyneg	pphyneg
pemoab	pemoab
psexab	psexab
traumar	trauma
aconteceu	happen
detalhes	detail
estava	be
envolvido	involved
acontecia	happens
esses	these
eventos	event
aconteceram	happened
providência	action
tomada	taken
atender	see
emergência	or
socorro	room
atendido	see
cômor	room
vaso	toilet
sanitário	in
domicílio	household
esgoto	sewage
água	water
encanar	pipe
pavimentação	paving
fome	hungry
digar	tell
moro	life
itens	items
quebrados	broken
há	for
rádio	radio
exceto	except
privativo	private
automóvel	car
empregada	employee
mensalista	monthly
lavar	washing
videocassete	vcr
dvd	dvd
geladeira	fridge
freezer	freezer
independente	independent
duplex	duplex
chefe	head
adotar	adopt
completa	complete
ti	you
brinquer	toy
solitário	lonely
brincar	play
amedrontar	frightens
valores	values
osa	friend
amigosa	friend
comum	common
shopping	mall
estressadoa	stressed
amigoa	friend
aprovar	approve
doa	young
doso	dosas
criançajover	child
confusão	evil
muitos	many
conforto	comfort
magoada	hurt
bmedo	bfear
criançaadolescente	childadolescent
interessar	interested
medos	fears
inclua	include
provocadoa	tease
criançar	child
amedrontadoa	afraid
saírem	leave
enjoos	she
leiavocê	read
específicas	specific
perigo	danger
elesa	they
interessadoa	interested
separaçãor	separation
animais	animals
inseto	insect
cachorro	dog
rato	rat
cobrar	snake
pássaro	bird
aranhar	spider
abelhar	bee
vespo	wasp
altura	height
escuro	dark
ruídos	noise
alarme	alarm
fogo	fire
injeção	injection
ferimento	injury
dentista	dentist
câncer	cancer
aids	aids
transporte	transport
ônibus	bus
barco	boat
avião	plane
tr	train
metrô	subway
ponte	bridge
elevador	elevator
túnel	tunnel
tipos	types
palhaço	clown
barba	beard
capacete	helmet
fantasiada	costumed
papai	santa
noel	claus
seres	imaginary
monstro	monster
fantasma	ghost
extraterrestr	extraterrestrial
bruxa	witch
específicodescreva	specific
deparar	across
obs	ob
época	time
vespa	the
fobias	phobias
aborreça	annoy
acompanhadoar	accompany
eestresse	post
acontecimento	event
traumática	traumatic
estressante	stressful
chatear	upset
maltratado	mistreat
abusar	abuse
sexualmente	sexually
assaltar	rob
aoà	toà
desastre	disaster
traumatizante	traumatic
atropelamento	hit
gravar	serious
prender	trap
prédio	building
chama	burn
desastr	disaster
sequestro	kidnapping
enchente	flooding
desabamento	landslide
ladrão	thief
gangue	gang
trato	gastrointestinal
violação	violation
abuso	abuse
estupro	rape
pág	page
doméstico	domestic
fisicamente	physically
gravemente	seriously
atacar	attack
súbito	sudden
overdose	overdose
cardíaco	heart
fcompulsão	fcompulsions
angustiadoa	distressed
traumático	traumatic
afetar	affect
relembrar	recall
lembrança	memory
vívir	vivid
vários	several
sonho	dream
lembrar	remind
memória	memory
isoladoa	isolate
afastadoa	withdraw
carinho	affection
bravoa	angry
alerta	alert
precisamos	we
suficiente	enough
decorrente	from
obcecadoo	obsess
diversos	various
hdepressão	hdepression
arranjar	get
cansadoamal	tired
lgumo	harm
agressão	aggression
relevanter	relevant
deliberadamente	deliberately
comparadoa	compare
detalhado	detailed
comportar	misbehave
sentadoo	sita
subir	climb
acalmar	calm
impulsividade	impulsiveness
fim	end
apropriado	properly
pressa	hurry
professora	teacher
inquietação	restlessness
impaciência	impatience
hiperatividade	hyperactivity
pouca	poor
respondir	answer
falto	inattention
agitação	agitation
desagradáveis	unpleasant
difíceis	difficult
difícel	difficult
irritada	angry
inadequar	inappropriate
conduta	conduct
crises	crisis
irritante	annoying
problemático	troublesome
discutir	argue
obedecer	obey
pediar	be
irritar	angry
propositadamente	purposely
culpou	blame
esteve	have
magoadoa	hurt
malvadoar	mean
vingar	revenge
reclamar	complain
classe	class
agressivo	aggressive
livrar	rid
maltratar	mistreat
loja	store
trivial	trivial
permissão	permission
matar	kill
provavelmente	probably
apliquir	apply
arma	weapon
ferir	hurt
cruel	cruel
amarrar	tie
dano	damage
fogueira	fire
papel	paper
destruir	destroy
pôr	set
ato	act
forçar	force
polícia	police
provocação	teasing
frustrar	frustrate
grita	screams
berra	scream
palavrão	profanity
desproporcional	disproportionate
três	three
avós	auntie
perde	lose
calma	cool
alimentação	diet
corporal	body
gordoa	fat
magroa	thin
vômito	vomit
decidir	decide
tiques	tics
pês	weigh
doze	twelve
gravidez	pregnancy
descreverio	describe
gordinhoa	chubby
vá	go
cms	cms
kg	kg
comparando	comparing
magro	thin
próprioar	name
resto	rest
gordo	fat
apavorar	terrifie
quilo	kilo
engordar	fat
comida	food
desejo	desire
dependente	dependent
aí	a
assinale	tick
controlena	control
listar	list
tenta	try
ocasionalmente	occasionally
chequar	check
come	eat
refeição	meal
pula	skip
esconde	hides
alimento	food
exercício	exercise
provoca	causes
toma	take
insulinar	insulin
diabéticoar	diabetic
ganho	gain
assinalado	tick
sigo	follow
menstruação	period
pílula	pill
hormonal	hormonal
contraceptivo	contraceptive
recentemente	recently
menstruar	period
pular	skip
adiante	ahead
caloria	calorie
aspecto	aspect
diminuir	decrease
relacionamento	relationship
ajudou	he
sangramento	bleed
fraqueza	weakness
intestino	bowel
pronto	emergency
tique	tic
piscar	blink
olho	eye
careta	grimace
enrugar	wrinkle
nariz	nose
sonoro	sound
tossir	cough
limpar	clear
garganta	throat
fungar	sniff
motor	motor
movimento	movement
repetitivo	repetitive
algums	any
levantar	raise
sobrancelha	eyebrow
pálpebra	eyelid
parcialmente	partially
mover	move
narina	nostril
bico	odd
beijo	kiss
amplamente	wide
encostar	place
queixo	chin
ombro	shoulder
esticar	stretch
pescoço	neck
movimentos	movement
braço	arm
perno	leg
motores	motor
necessitar	need
óculos	glass
alergia	allergy
pó	dust
vocal	vocal
súbitos	sudden
desejar	wish
ocorr	occur
hábito	habit
engolir	swallowing
grito	scream
agur	high
ah	ah
eh	eh
iii	iii
aspiração	suction
arrotar	burp
perturbadoa	disturb
tor	cough
inflamar	throat
resfriado	cold
relaxa	relax
par	stop
rebote	rebound
refiro	mean
àquela	that
opcional	optional
apesar	although
necessariamente	necessarily
desaparecer	disappear
quantas	how
metade	half
damente	sick
preocupações	concerns
positivo	positive
generosoa	generous
animadoa	exciteda
aprender	learn
afetuosoa	affectionate
confiável	reliable
divertidoa	fun
carinhosoa	affectionate
agradecidoa	grateful
agradam	please
lembradoa	remindeda
criativo	creative
manual	manual
gosta	likes
envolvidoo	involve
bomboa	bomboa
educadoa	educateda
mantém	keeps
comportadoa	behaveda
mencionar	mention
brinca	play
matéria	subject
insuficiente	insufficient
exiger	require
português	portuguese
literatura	literature
estudos	studies
matemática	math
ciência	sciences
geografia	geography
inglês	english
espanhol	spanish
língua	tongue
estrangeiro	foreign
computação	computing
biologia	biology
pareçam	seem
aplicável	applicable
infantil	childish
perseguer	chase
argumentar	argues
inferior	less
tendência	tendency
calça	pant
gozação	tease
convencidoa	convince
vantagem	advantage
anda	walks
má	bad
escuta	hears
sons	sound
impulsivoa	impulsive
age	act
sentadoa	sit
quietoa	still
grudadoa	sticks
reclama	complains
solidão	loneliness
unha	bites
confusoa	confused
desorientadoa	disorient
tensoar	tense
chora	cry
intimer	intimidate
maldade	evil
vive	life
lua	moon
prisão	constipation
medrosoa	fearful
ansiosoar	anxious
exige	require
prestir	pay
destrói	destroys
desobediente	naughty
fundo	background
dores	pains
sente	feel
ciúmer	jealous
inveja	envy
facilidade	easily
náuseas	nausea
enjoosr	nausea
desrespeita	break
corrigir	correct
vômitos	vomiting
perfeito	perfect
ataca	attack
fisicamentir	physically
teimosoa	stubborn
cutuca	pokes
repentino	sudden
mexe	move
íntima	private
desconfiadoar	suspicious
xinga	swear
desastradoar	clumsy
desajeitadoo	clumsy
coordenação	coordination
gozar	fun
ação	action
esquentar	heat
foge	away
ameaça	threatens
reservadoo	reserveda
fechadoa	closeda
chupa	suck
vê	see
fuma	smokes
masca	chew
põe	set
mata	kill
cabular	cabula
gazeia	gazeia
lento	sluggish
exibir	show
palhaçar	antic
deprimidoar	depressed
acanhadoo	shy
tímidoa	shy
barulhentoa	noisy
dorme	sleeps
us	uses
excluir	exclude
tabaco	tobacco
comete	commits
desatentoa	inattentive
cama	bed
choraminga	whine
oposto	opposite
junta	many
mencionados	mention
surgir	as
luz	light
trancado	lock
contaminação	contamination
verificar	check
desligado	off
limpo	clean
prevenir	prevent
surgimento	arise
tal	such
classifique	rate
mínima	minimum
moderada	moderate
aler	addition
ansiedader	anxiety
listado	list
perturbador	disturbing
violento	violent
exagerar	exaggerated
moralidade	moral
ofendir	offend
deus	god
perante	before
harm	harmon
and	and
religious	religious
obsessions	obsessions
rezar	pray
desfazer	undo
neutralizar	neutralize
religioso	religious
certificar	sure
incômor	uncomfortable
sacrilégio	sacrilege
exato	exact
balanceado	balanced
simétrico	symmetrical
visualmente	visually
refazer	up
arrumado	neat
excremento	excrement
produto	product
tóxico	toxic
order	order
contamination	contamination
utensílio	household
maçaneto	doorknob
guardar	keep
colecionar	collect
utilidade	use
precise	need
acumular	accumulate
inútil	useless
supersticioso	superstitious
collect	collect
misc	misc
prejudicar	harm
ouvio	hear
esq	left
comentar	comment
calar	silent
deprimido	depress
esforço	effort
assinadas	signed
esclarecer	clarify
faltante	miss
preenchir	complete
check	check
preenchido	fill
conferência	conference
disposição	disposal
minstlevel	minstlevel
finstlevel	finstlevel
ses	ses
cimaou	euphoric
alameda	avenue
santos	santos
job	job
julho	july
zona	zone
críticoa	critical
verificadora	verifier
ibope	ibope
recrítica	recrítica
verificação	verification
processamento	processing
codificação	encoder
codificador	encoding
prevention	prevention
cole	add
plástico	plastic
identificado	identify
colar	stick
frascos	bottles
saliva	saliva
etiquetas	labels
possuem	have
precedidos	by
pontilhar	dotted
coleta	collection
gestação	pregnancy
bebê	baby
fatores	factor
terceira	third
mini	mini
biológicos	biological
houver	there
troca	change
imediatamente	immediately
incorreção	incorrect
grafia	spelling
neles	they
relatado	report
assuster	alarm
representar	represent
matrícula	registration
resultado	result
inovadora	innovative
gene	gene
parcela	portion
telefônico	telephone
intuito	order
virtude	saliva
refrigerante	soda
partir	from
carta	letter
cabeçalho	header
posteriormente	later
coletados	collected
obrigatório	mandatory
pesquisas	research
científicas	scientific
humanos	human
resolução	resolution
cns	cns
sujeito	subject
documento	document
apto	suitable
ddd	ddd
tutor	tutor
curador	curator
título	title
esquizofrenia	schizophrenia
transtorno	disorder
bipolar	disorder
emr	emr
caracterização	characterization
endofenótipo	endophenotype
impacto	impact
intervenção	intervention
eurípedes	eurípedes
constantino	constantino
miguel	miguel
cargofunção	position
associado	associated
inscrição	registration
regional	regional
hcfmusp	hcfmusp
investigadores	investigator
executante	perform
rodrigo	rodrigo
affonseca	affonseca
bressan	bressan
adjunto	adjunct
unifesp	unifesp
proposta	proposal
epidemiológico	epidemiological
brasileiro	brazilian
fator	factor
planejar	plan
estratégia	strategy
aparecimento	appearance
selecionadas	select
salivo	saliva
genético	genetic
optar	choose
conhecimento	knowledge
amostra	sample
colher	collect
colhir	collect
aleatoriamente	randomly
sorteio	lottery
educação	education
consistir	consist
reunião	meeting
bimensal	bimonthly
elemento	element
básico	basic
retirada	withdrawal
conseqüência	consequence
seguimento	follow
pedimos	ask
desligamento	termination
persistência	persist
manutenção	keep
paciente	patient
comissão	commission
mancha	spot
arroxear	purplish
previamente	previously
pomar	ointment
exames	blood
laboratorial	laboratory
equivalente	equivalent
chá	will
coletada	collect
envolvimento	involvement
angústia	anguish
consider	consider
crânio	imaging
intermitente	intermittent
entanto	period
amenizar	alleviate
entretanto	however
tomografia	so
computadorizado	the
nocivo	harmful
organismo	body
cansar	tired
demor	take
treinados	train
instrumento	instrument
sintar	uncomfortable
desconfortável	uncomfortable
interromper	stop
responsabilizar	responsible
relativo	relate
possibilitar	enable
possibilita	enable
instituição	institution
potencial	potential
sociedade	society
aumentar	increase
detecção	detection
análises	analyze
armazenar	store
toda	all
submetir	submit
aprovação	approval
projetos	projects
cappesq	cappesq
conep	conep
mantir	keep
solucionar	solve
descobrir	discover
ovídio	ovídio
pires	pires
tel	tel
cappesqhcnetuspbr	cappesqhcnetuspbr
consulta	appointment
pagamento	payment
custear	cover
orçamento	budget
propor	propose
nexo	causal
causal	link
comprovar	prove
discuti	discuss
decisão	decision
hospitalar	hospital
concordo	agree
submeter	submit
representante	representative
portador	have
deficiência	impairment
auditivo	auditory
visual	visual
obtiver	obtain
voluntário	voluntarily
compre	buy
neuropsicológico	neuropsychological
min	min
nota	grade
trazer	bring
obrigadoa	while
cadastro	register
forneçar	provide
atualizado	update
ésão	home
remarcar	reschedule
supervisor	supervisor
desejarem	wish
discordante	discording
prevalece	prevail
dias	day
triagem	see
estudava	study
eeef	eeef
col	col
est	est
eeem	eeem
eeeb	eeeb
eee	eee
eeb	bse
ie	ie
andre	andré
rafael	rafael
simioni	simioni
skincolor	skincolor
birthdate	birthdate
ghelp	ghelp
ghelpincome	ghelpincome
sameschool	sameschool
instlevel	installlevel
piorar	worsen
piorou	worsen
melhorou	improved
freqüentar	attend
finstatus	status
adapte	adapt
rg	id
conhecida	know
quantidade	amount
parto	childbirth
assinalada	checked
especificada	specified
especificado	specified
moravamantinha	moravamantinha
mesesanos	months
idades	age
limites	exactly
ocorreu	occur
infânciar	childhood
morava	live
períodos	periods
mantinha	keep
juntosa	together
elesvocês	spend
passampassar	together
sejafor	be
cedo	early
mrelation	relationship
mcontact	mcontact
mfigurar	figure
mfigurewho	figurewho
ginasial	junior
autônoma	autonomous
encostada	lean
mincome	mincome
moccupation	occupation
mmarital	marital
mdivorce	mdivorce
conhecido	know
estãoestar	no
autônomo	autonomous
foccupation	occupation
contribui	contribute
fmarital	fmarital
oincome	oincome
coletar	collect
bochecho	rinse
enxaguante	mouth
bucal	rinse
colutório	mouthwash
fio	dental
pasta	folder
basta	just
encha	fill
potinho	pot
lembro	remember
útil	useful
vista	view
massageie	massage
bochecha	cheek
açúcar	sugar
refinar	refined
frasco	bottle
lateral	side
irá	will
cair	drop
cuspir	spit
líquida	liquid
bolhas	bubble
espuma	foam
contam	count
coletando	collection
indicada	indicate
ultrapassar	exceed
claque	clap
reagente	reagent
rompendo	break
tampa	lid
misturar	mix
segundos	second
virando	upside
gripe	influenza
resfriados	the
catarro	phlegm
quiserem	ashamed
terem	them
permita	allow
ida	to
deste	this
cuspiu	spot
encheu	fill
disponíveis	available
falecidos	death
recusaram	refuse
colete	vest
retorno	return
esteja	be
retornando	return
bochechos	roughs
intervalo	interval
relógio	watch
mesmos	same
procedimentos	procedures
cruzadar	cross
coletado	collected
lote	down
lot	lot
outra	another
perímetro	perimeter
recuperação	recovery
fechado	closed
agendada	schedule
entrevisador	interviewer
agendado	schedule
retornar	return
exclusivo	exclusive
numero	number
tinha	have
conseguido	obtained
números	number
documentos	document
dn	dn
marcado	marked
desconhecidos	death
gen	gen
referente	concern
propriamente	itself
habitos	habit
bebe	drinking
conferir	check
namoro	date
casamento	marriage
planejado	plan
passageiro	mild
moderar	moderate
aconselhar	advise
apoiado	support
porém	but
pesar	weigh
carteira	wallet
conferido	check
estatura	height
apgar	apgar
carteirinha	card
constar	minute
trimestre	quarter
conferer	check
birthweight	birthweight
adiantar	ahead
prematura	premature
quanta	how
cesárea	cesarean
fórceps	forceps
ferro	iron
uticti	uticti
unidadecentro	unit
intensivo	intensive
neonatal	center
fumou	smoke
fumava	smoke
cigsemano	cigsemana
cigder	cigdia
trimestr	do
amamentar	breastfeed
cruzada	crossed
infâncer	childhood
atingiu	reach
gestage	gestage
bebeu	drink
fat	fat
bebia	drank
dosessemano	dosesweek
tome	make
destilados	distiny
fortes	strong
whiskyvodkabatidas	whiskeyvodk
pressão	pressure
eclâmpsia	eclampsia
diabetes	diabetes
urinário	urinary
carregar	carry
vivenciou	experience
ões	biomother
utilizadas	use
mostradas	show
mamar	breastfeed
mêses	month
exclusivamente	exclusively
amamentação	breastfeed
exclusiva	exclusive
mamava	breastfeed
papinhas	papinhas
introduzido	introduce
desconsiderando	disregard
esporádico	sporal
faltar	miss
notas	low
expulsoa	expel
encefalite	encephalitis
meningite	meningitis
hospitalizar	have
psicoterapio	psychotherapeutic
sujas	dirty
vidacontinue	have
vidadesc	vidades
sorrio	smile
meiga	sweet
elogiar	praise
dáva	give
liberdade	freedom
tratava	the
superprotetora	overprotective
sorria	smile
superprotetor	overprotective
televisores	television
preto	black
videocassetedvd	vcrdvd
rádios	radios
banheiros	bathroom
automóvei	cars
empregadas	employee
contratar	monthly
faxino	cleaning
satisfeito	satisfied
insatisfeito	dissatisfy
afirmações	statement
verdadeira	true
falsa	false
apóiam	support
vocês	you
brigar	fight
freqüentemente	often
união	togetherness
exister	there
criticar	criticize
ênfase	emphasis
cumprimento	rule
existe	there
discordância	disagreement
esforçar	effort
paz	peace
vencer	win
rígido	strict
tolerado	tolerate
amendrontar	frightens
àvá	go
some	add
sas	sas
secretar	secret
págino	page
raciocinar	reason
adiantadoa	advance
atrasadoa	late
subtraia	subtract
atraso	delay
habilidade	skill
atrasar	late
calculer	calculate
superar	overcome
quer	mean
fala	speech
montar	assemble
respostar	answer
completamente	completely
mama	mama
papar	papa
formar	form
biscoito	cookie
juntar	join
sentença	sentence
acenar	wave
tchau	goodbye
beijinho	kiss
shhh	shhh
ciranda	ciranda
amarelinhar	hopscotch
anel	ring
alegria	joy
conquista	achievement
interessante	interesting
deledela	other
rodar	run
rodinha	wheel
brinquedo	toy
vibração	vibration
jogos	games
mamãe	mom
inventar	up
boneca	doll
novoa	around
brutoa	rough
mandãomandonar	bossy
velha	old
cooperar	cooperate
determinado	certain
banda	band
roque	rock
obcecadoso	obsess
elesela	feel
obcecar	obsess
dinossauro	dinosaur
estilo	style
colonial	colonial
poste	pole
dominar	dominate
inicer	start
relativamente	relatively
tom	tone
variar	vary
reconhecer	recognize
elases	they
imediato	immediately
envergonhadao	embarrassed
imitar	imitate
parquinho	playground
jantar	dinner
moda	fashionable
clichês	clichés
sincero	honest
servido	serve
prato	plate
insistia	on
perturbar	upset
caminho	route
móvel	furniture
excitado	excited
focar	focus
rotino	routine
nona	ninth
algumas	sometimes
súbita	sudden
sugerir	suggest
nomediagnóstico	nodiagnosis
seqüestradoa	kidnap
diarréio	diarrhea
seqüestro	kidnapping
lembrasse	remember
generalizar	generalized
facil	easy
voltar	return
freqüente	frequent
sexualizar	sexualized
outrosentão	other
apliquem	apply
acntecer	happen
checar	check
insulina	insulin
sombrancelha	eyebrow
parem	stop
preocupaão	concern
cite	cite
natação	swimming
patim	rollerblade
skate	skateboard
bicicleta	bicycle
dedicar	dedicate
sabena	sabena
passatempo	hobby
favorito	favorite
figurinha	figurine
violão	guitar
soltar	drop
pipo	kite
corda	rope
carrinho	cart
cantar	sing
motora	motor
acanhadoa	shy
ma	ma
depressivo	depressive
agradar	please
habitualmente	usually
cotadas	quote
mc	mc
deprimidoo	depressed
cotar	quote
falou	spoke
costume	do
mesmoo	it
respostas	answer
deprimir	depressed
explorados	explore
procurar	seek
próxima	next
pensou	thought
quis	want
tentou	try
md	md
hipomaníaco	hypomaniac
cheioa	full
entrevistadoa	do
compreende	understand
ativoa	active
excitadoa	excited
motivadoa	motivated
criativoa	creative
hiperativoa	hyperactive
justificável	justifiable
ocorrem	occur
explorar	explore
descansadoa	rest
falava	talk
desejava	want
agradável	pleasant
tentadoro	tempting
dirigir	drive
imprudente	recklessly
acabamos	just
hospitalizadoa	hospitalize
leiaalguma	readhave
ansiosoa	anxious
assustadoa	scared
intensidade	intensity
provocassesem	provoke
consequência	consequence
palpitação	palpitation
úmer	sweaty
tremor	tremor
contração	twitching
sufocadoa	suffocate
nó	the
garganto	sore
sentiu	felt
aperto	tightness
náuseo	nausea
tontoa	dizzy
vertigem	vertigo
desligadoar	disconnect
dormência	numbness
ondas	flash
mf	mf
escapar	escape
fila	queue
atravessar	cross
acompanhadoo	accompany
mg	mg
incomodadoa	annoy
humilhadoa	humiliate
atrapalho	hinder
cotada	quote
mj	mj
abusodependência	abuse
alcool	alcohol
caipirinha	caipirinha
conhaque	cognac
whisky	whiskey
percebeu	realize
trem	shake
transpirar	sweat
ressaca	hangover
pretender	intend
recuperar	from
reduziu	reduce
cotidiana	daily
continuou	continue
bêbado	drunk
embriaguez	drunkenness
causou	cause
arriscar	risky
condenação	conviction
mk	mk
chapadoa	stone
prescritas	prescribed
morfina	morphine
doente	sick
física	physical
utilizada	used
estimulantes	stimulant
anorexígeno	anorectic
branquinha	white
coca	coca
merlar	merla
pedra	stone
opiáceos	opiacian
ópio	opium
tintura	tincture
elixir	elixir
paregórico	paregoric
dover	dover
belacodid	belacode
belpar	belpar
pambenyl	pambenyl
dolantina	dolantine
demerol	demerol
propoxifeno	algafan
algafan	propoxyphene
doloxene	doloxene
inoval	innovative
alucinogéneos	hallucinogens
mescalina	mescaline
pcp	pcp
êxtase	ecstasy
cogumelo	mushroom
ayhuaska	vegetable
daime	daime
hoasco	hoasca
solventes	solvent
voláteis	volatile
éter	ether
perfume	perfume
canabinóides	canabinoids
cannabis	cannabis
hasish	hash
thc	thc
bangh	bangh
ganja	ganja
diamba	devil
marijuana	marijuana
marihuano	marihuana
dienpax	dienpax
somalium	somali
frisium	frisium
psicosedin	psychosedin
halcion	hall
frontal	front
rohypnol	rohypnol
urbanil	urban
sonebon	sonebon
barbitúrico	barbiturate
anabolizantes	anabolicant
esteróide	steroid
utilizado	used
declarado	declare
emagrecersem	weight
médica	medical
consumida	consumed
investigada	only
considerando	consider
febre	fever
suor	sweating
aceleração	acceleration
consumer	consume
intoxicado	intoxicate
intoxicação	poisoning
síndrome	syndrome
psicótica	psychotic
módulo	module
peculiar	unique
perguntaremos	ask
consideradas	consider
forem	be
cultura	culture
pediremos	we
pedido	asked
diferenciado	differentiated
observe	note
definições	definition
bizarras	bizarre
bizarros	bizarre
aqueles	those
cujo	whose
absurdo	absurd
implausível	implausible
incompreensível	incomprehensive
baseado	base
habituais	usual
vozes	voice
atos	interviewee
conversam	talk
colunas	columns
conspirandotramar	plot
exterior	outside
realidade	reality
distoantesr	distant
sendo	be
pessoalmente	personally
concordar	agree
chamou	call
exista	there
chamando	call
representa	represent
ouver	hear
coisasvoz	thingsvoice
cutura	cuture
vulto	shadow
passando	pass
canto	corner
olhos	eyes
nitidez	sharpness
observação	note
julgamento	judgment
graves	serious
é	it
responde	answer
esquisito	weird
demonstra	show
respondesse	you
explica	explain
mo	anxiety
impedir	prevent
sent	feel
preocupadoar	worried
tensoo	tense
nervo	attack
flor	edge
músculo	muscle
exaustoa	exhaust
esquecimento	forgetful
mw	mw
déficit	deficit
atençãohiperatividade	attention
impaciente	impatient
vapor	steam
era	be
distraía	distract
pavio	temper
tender	tend
explosivoar	explosive
tendia	tend
primeiroa	to
reclamação	complaint
distraídoo	distract
intrometidoa	nosy
mil	minute
enraivecidoa	angry
subempregadoa	or
aquém	your
exercer	perform
função	role
êxito	success
expectativa	expectation
demitidoo	fire
suaseu	your
companheirao	partner
elae	here
trocar	change
neblina	fog
chuvisco	drizzle
foco	focus
intrusivo	intrusive
ocupar	busy
ocorrência	occur
certoerrado	wrong
balancear	balanced
incômoda	uncomfortable
soar	sound
tátil	tactile
contaminar	contaminate
obsessivo	obsessive
identificadora	identifier
falecidasem	decease
falecidosem	deceased
contatofilho	contactsingle
únicoambo	childboth
treatment	treatment
agorafobi	agoraphobia
oueufóricoa	swing
atividad	activity
socia	social
adult	adult
behavior	behavior
checklist	checklist
quantosa	how
amigoso	many
próximosas	close
próximoa	close
cinco	five
visitar	do
civil	status
viver	live
divorciadoa	divorced
viúvoa	widow
esposoa	spouse
companheiroa	partner
circule	circle
frequentement	often
responsabilidade	responsibility
satisfeitoa	satisfied
discorda	disagree
administração	management
deficiênciar	disability
esquecidoa	forgetful
discute	discusses
desenvolve	develop
usa	use
nicotina	nicotine
medicinal	medical
sobrecarregadoo	overwhelmed
honestoa	honest
autoconfiançar	confidence
estraga	spoil
soscil	fluctuate
excitação	excitement
deixa	leave
incompletar	incomplete
precipitadamente	hastily
bêbadoa	drunk
desajeitadoa	clumsy
lei	law
prioridade	priority
seguido	follow
esquentadoa	hot
passivoa	passive
iniciativa	initiative
férias	vacation
cumpre	fulfills
palhaçado	around
irresponsável	irresponsibly
desorganizadoo	disorganize
justoa	fair
senter	feel
dívida	debt
cumprir	comply
obrigação	obligation
administrar	manage
crédito	credit
inclusive	include
presta	pay
nicotino	nicotine
dirige	drive
tende	tend
compromisso	commitment
conexão	connection
gravador	recorder
áudio	audio
tablet	tablet
mapa	map
centros	center
impressa	copy
abcl	abcl
internet	internet
estranhos	strange
fases	phase
santa	santa
misericórdia	misericórdia
radiologia	radiology
inrad	inrad
cpc	cpc
eventualmente	eventually
proesq	proesq
caae	caae
participantes	participant
adultos	adult
registrar	register
adolescentes	adolescents
hcpa	hcpa
constranger	embarrassed
abordar	address
prestação	provision
auxilio	assistance
busca	search
decorrência	result
rubrica	rubric
mr	mr
discriminação	discrimination
estigmatização	stigmatization
individual	individual
coletivo	collective
acessar	access
envio	send
ressarcimento	reimbursement
previsto	foresee
ressarcir	reimburse
dispender	spend
cobrir	cover
intercorrência	incident
resultante	result
decidar	decide
autorizar	authorize
acarretar	result
impossibilidade	impossibility
implicar	imply
devolução	return
júnior	júnior
ufrgs	ufrgs
usp	usp
abrahão	abrahão
sexta	friday
comitês	committees
interdisciplinar	interdisciplinary
constituír	make
comunidade	community
ético	ethical
proteger	protect
dignidade	dignity
sepn	sepn
norte	north
edifício	building
ii	ii
ministério	ministry
brasília	brasília
df	df
conepsaudegovbr	conepsaudegovbr
eletronicamente	electronically
via	copy
original	original
rubricar	initial
mailtoconepsaudegovbr	mailtoconepsaudegovbr
correio	mail
paimãe	dadmother
autorizo	authorize
gravação	recording
prepare	ready
manifestar	manifest
iniciada	started
garantir	guarantee
critérios	criteria
namorado	boyfriend
namorada	girlfriend
esposo	husband
esposa	wife
pública	public
privado	private
curso	course
técnico	technical
qualificação	qualification
tecnólogo	technologist
estudando	study
condenar	convict
justiça	justice
crime	crime
homicídio	homicide
latrocínio	robbery
lesão	injury
furto	theft
tráfico	trafficking
porte	illegal
ilegal	possession
pena	penalty
bpc	bpc
inserido	in
ê	and
nt	not
serviços	service
csv	csv
sva	sva
terapêutica	therapeutic
socioeducativo	educational
febem	febem
codifique	code
mêsano	monthyear
suplemento	supplement
internadoo	hospitalize
internado	hospitalize
recente	recent
cidadeestar	city
quanet	how
citado	mentioned
alternativas	alternatives
registre	record
afirmativas	affirmative
juiz	judge
conselhor	council
padre	pastor
pastor	pastor
líder	leader
aconselhamento	counseling
participou	participate
coordenar	coordinate
testir	test
treinamento	training
estressar	stress
aluguel	rent
roupar	clothing
moradia	housing
salte	jump
terapêutico	therapeutic
psicologo	psychologist
enfermeiro	nurse
completar	complete
negativo	negative
tratadoa	treat
injustamente	unfairly
terapeutaa	therapist
deslocar	place
convênio	plan
trinta	thirty
funcionário	staff
finalize	finish
empresa	company
mensalidade	fee
públicoplano	plan
bolso	pocket
reembolsar	reimburse
sus	sus
leito	bed
serviçocom	with
cratod	cratod
alcóol	alcohol
havia	there
estrer	stress
caps	caps
jovemainda	youth
internadoa	intern
ambulatorial	ambulatory
atendir	attend
participour	participate
confirmar	confirm
ambulatório	clinic
atendidoar	see
metal	metal
criançã	child
conselheiro	counselor
marido	husband
companheiroesposir	partnerwife
demorar	take
pedriatra	ambulatory
companheiroesposar	partner
maridoesposa	husbandwife
companheiroar	partner
assistido	assist
jovemfoi	be
curandeiro	healer
pajé	shaman
benzedeira	healer
acupunturista	acupuncturist
quiropraxista	chiropractor
quiropraxistar	chiropractor
valorização	appreciation
cvv	cvv
mêsanor	monthyear
autoajuda	help
anônimo	anonymous
narcótico	narcotics
matricular	enrol
aluno	student
esccola	school
jovens	youth
jovems	many
citada	mentioned
auxiliar	aide
acompanhante	companion
profissionalse	professionalse
codificou	coded
codificaram	coded
tratar	treat
procurou	searched
recodifique	encode
relacionados	relate
utilizados	use
cujos	whose
códigos	codes
terminam	end
seus	your
enfermeirar	nurse
diretor	or
administrador	of
promotor	prosecutor
items	items
utilizou	use
relacione	all
sv	sv
admite	admit
jovemnome	young
cssri	cssri
igreja	church
templo	temple
caro	expensive
tiradoa	take
recomendar	recommend
confiar	trust
palpite	guess
demoraria	take
gasto	spending
conserto	repair
adaptação	adaptation
medicamentos	medicines
educaçãoescola	educationspecial
cuidados	care
coesão	cohesion
característica	characteristic
querar	want
atitude	attitude
cs	cs
pichar	spray
muro	wall
essencial	essential
gerador	generator
recursos	resource
recurso	feature
citar	name
gra	gra
farar	will
carreira	career
advogar	lawyer
nuclear	nuclear
irmãos	brother
irmãs	sisters
ampliar	extended
familia	family
ampliada	grandmother
tios	extended
chefepatrão	bossboss
norma	regulation
grb	grb
política	politic
intencional	intentionally
ribs	ribs
vivência	live
vivemor	live
escolha	choose
ri	ri
discordo	disagree
ameaçarer	threaten
domicilio	home
empregados	employees
domésticos	domestic
microcomputador	microcomputer
motocicleta	motorcycle
secadora	dryer
lava	washer
puler	skip
vínculo	bond
laço	tie
adulta	of
companheiroscompanheiras	companion
jovemtem	jovem
ccom	with
sequestradoo	kidnap
aproximado	approximate
hobbies	hobbies
separaçaõ	separation
clique	click
formulário	form
fale	talk
suger	suggest
filha	daughter
importir	too
gramática	grammar
ilimitar	unlimited
visível	visible
automaticamente	automatically
agarrar	then
jardim	kindergarten
incluído	include
jovemda	youth
encontro	meet
faculdadeescola	college
di	this
continuese	continue
descritas	describe
relembrou	recalled
bloqueou	block
incluída	include
apetitar	appetite
temperamento	temper
nuncae	never
raivar	anger
odeio	hate
estúpido	stupid
morder	bite
escolafaculdade	schoolcollege
acompanhado	accompany
reconhecível	recognizable
comparado	compare
consideramos	consider
irritação	irritation
aproximar	approximate
criar	create
rápidasmudando	change
rápidas	quick
quieta	still
ocupado	busy
aborrecerar	bother
jovemé	be
pareceu	appear
malvadoo	mean
combinar	agree
telefonar	call
saiu	left
explosivo	explosively
inteirar	whole
danificar	damage
pertencer	belong
riscar	scratch
dieta	binge
alimentar	eating
centímetro	centimeter
cento	hundred
cinqüentar	fifty
incerto	uncertain
quilograma	kilogram
cinqüenta	fifty
nove	nine
corretar	correct
hcommuito	hmvery
dificultassem	difficult
comido	food
sigaentrevistador	followinterviewer
agudo	high
quante	how
focalizar	focus
concordir	agree
nicotinar	nicotine
eletrônicos	electronic
lanhousar	lanhouse
icms	icms
loucoa	the
ouvia	hear
caladoo	in
acentuação	word
debaixo	bottom
interrompa	interrupt
ouvido	do
sequenciais	sequential
perceba	perceive
haja	signs
constrangimento	do
eventuais	any
pronúncias	pronunciation
desistências	early
precipitadas	cancellation
tente	try
incentivar	encourage
regras	rule
aceitas	accept
variantes	variant
sotaque	accent
dicção	diction
nordeste	northeast
palatização	palatization
consoantes	consonant
abertura	opening
vogais	vowels
janeiro	janeiro
palatal	palatal
aspirado	aspirate
minas	minas
encurtadas	shortened
regiões	region
país	country
munícipi	municipal
léxicu	lexicu
autocorreção	correction
ultima	last
pronúncia	pronunciation
autocorreções	autocorrection
frequentes	frequent
café	coffee
político	policy
táxi	taxi
pôster	poster
dossiê	dossier
canapé	canapé
aprazível	pleasant
igarapér	creek
dócil	docile
convés	deck
mártir	martyr
cântaro	pitcher
eloquência	eloquence
qü	that
síncoper	syncope
munícipe	citizen
lúgubre	dismal
léxico	lexicon
amálgama	amalgam
melífluo	mellifluous
lânguido	languid
uníssono	unison
atávico	atavistic
marzipã	marzipan
antiquíssimo	old
oboé	oboe
exegético	exegetical
antítese	antithesis
córtex	cortex
aquífero	aquifer
látex	latex
arquétipo	archetype
exequível	feasible
zqü	zq
hálux	hallux
multipla	multiple
frequenta	go
encerrar	close
aplicador	applicator
psicoprofissional	psicoprofessional
psicoid	psychoid
materiais	materials
estímulos	pen
canetas	graphite
grafite	make
apontador	scorer
ocorrêcia	incident
relatar	report
silencioso	silence
ordemrepetição	repeat
maria	maria
guimarães	guimarães
bueno	bueno
psicólogoa	psychologist
convidadoa	invite
inicar	start
poderíar	could
primeiramente	first
cansaço	tiredness
picada	prick
participarem	participate
espécie	kind
fotografia	photography
informamos	inform
desistir	withdraw
participanterepresentante	participantlegal
dormer	sleep
ontem	yesterday
segter	segter
passada	last
dessa	this
comeu	eat
chocolate	chocolate
balas	bullet
chicletes	soft
refrigerantes	drink
apresentando	present
componente	component
trêmulo	shaky
sentinder	feel
vôlei	volleyball
caminhada	walk
corrida	run
aguda	acute
infecção	infection
respiratória	respiratory
diarréia	diarrhea
influencie	influence
agressividade	aggression
apavorado	terrified
rey	rey
copiar	copy
caprichado	neat
horizontal	horizontal
gire	turn
acionar	activate
cronometro	stopwatch
sequência	sequence
posterior	bqss
bqss	bqss
execução	execution
complexa	complex
modelo	model
bqssc	bqssc
macroestrutura	macrostructure
retângulo	rectangle
vertical	vertical
desenhar	draw
agrupamento	grouping
triângulo	triangle
citadaso	quotedthe
sistemático	of
bqssri	bqssri
imediata	immediate
macroestruturas	macrostructure
bqssrt	qssrt
tardia	late
sistema	system
savage	savage
temr	be
princípio	principle
planejamento	planning
desenhou	draw
descrita	describe
fragmentada	a
pontuar	score
feito	do
partes	parts
chegou	even
referida	that
savac	savac
fragmentar	fragmented
ausente	absent
diagonais	diagonals
vértice	vertex
savari	savari
rec	rec
savart	savart
rel	rel
separadamente	separately
avalie	assess
precisão	precision
tamanhoformar	sizeshape
localizar	locate
preciso	need
impreciso	imprecise
irreconhecível	unrecognizable
elementos	element
esquerdo	leave
diagonal	diagonal
á	á
segmento	segment
reta	straight
paralelo	parallel
circulo	circle
paralela	parallel
lados	side
externo	external
losango	rhombus
central	center
reyt	reyt
reytc	reytc
seg	mon
reyti	reyti
reytt	reytt
mostrarar	show
vire	turn
faces	face
oturo	other
construa	build
lentalmente	slowly
usando	use
misture	mix
usados	use
demonstração	demo
cronometrados	timed
extrapolar	on
deverá	must
intacto	intact
montagem	assembly
utilizando	use
serão	will
pontuados	score
padronizada	standardized
quais	what
voltadas	facing
rotação	rotation
graus	degrees
esta	this
consecutivos	consecutive
modelos	models
exec	exec
constróir	build
tb	tb
tentativar	attempt
figurar	figure
máx	max
pts	pt
vocabulário	vocabulary
significar	mean
responta	zero
chapéu	hat
sol	sun
inquérito	survey
realizado	carry
consultar	consult
dicionário	synonym
conceitos	concepts
genéricos	generic
sinônimos	important
características	characteristics
concretos	concrete
indicam	indicate
conhece	know
significa	mean
apropriadamente	properly
vagas	vague
fazem	make
definem	define
demonstram	demonstrate
pobre	poor
dada	give
escutar	hear
absolver	absorbing
absorver	absolute
contudo	however
â	the
burro	donkey
vaca	cow
valente	brave
alfabeto	alphabet
transparente	transparent
ilha	island
fábula	fable
migrar	migrate
rivalidade	rivalry
aflição	affliction
retificação	rectification
unânime	unanimous
aberração	aberration
vangloriar	boast
árduo	hard
iminente	imminent
compelir	compel
dilatório	delay
indica	indicates
auxílio	help
alterações	change
psicóticas	explore
antecedidas	above
poderiam	could
sombra	shadow
passe	delirium
imaginação	imagination
acordado	awake
poderia	could
acontece	happen
batidinha	tap
visãoimagem	vision
kalupre	kalupre
limiar	threshold
suspeito	suspicious
kalupas	kalupas
imaginar	imagine
pregar	a
susto	scare
quê	what
delirio	delusion
famoso	famous
houvesse	be
estragar	spoil
kdelpre	kdelpre
kdelpas	kdelpas
fazerinterrupção	dointerruption
luria	luria
farei	do
examinando	examiner
ciclos	cycles
treino	training
ciclo	cycle
realizando	carry
corrige	fix
incentivo	incentive
verbal	verbal
avaliando	evaluated
formato	format
aperfeiçoar	perfect
cronometre	time
opor	oppose
polegar	thumb
ozeretski	ozeretski
palmas	palms
estendidas	extend
ludp	ludp
simultâneo	simultaneous
indicador	finger
anelar	ring
luo	luo
alternar	alternate
fecha	close
lupe	lupe
estendir	outstretche
palma	palm
virar	face
versa	back
qualitativa	qualitative
fluente	fluent
adequados	adequate
postura	posture
simetria	symmetry
simetr	symmetry
mantêm	maintain
acompanha	follow
bender	bender
desenhado	draw
régua	ruler
lâmina	blade
mudada	change
concluído	complete
sirva	serve
suporte	support
mecânico	ruler
atribuída	give
desenhos	drawing
ilustrativo	illustrative
figuras	figures
bda	bda
configuração	configuration
traçar	trace
ângulo	angle
achatamento	flattening
exestrela	ex
fig	fig
vazado	empty
substituír	replace
traço	dash
fileira	row
inclinação	slope
extremidade	end
regularidade	regularity
eler	element
vazar	hollow
inclinado	angle
distancia	distance
nítir	clear
deformação	deformation
acréscimo	addition
curva	curve
comprimento	length
avesso	reverse
ausência	absence
crescendum	crescendum
disperso	scatter
assimetria	asymmetry
curvilíneo	curvilinear
alturar	height
câmpula	cup
deformar	deform
achatar	flatten
acinturar	s
largar	wide
semicírculo	semicircle
ondulação	undulation
característico	characteristic
homogêneo	homogeneous
traçado	trace
nitidamente	clearly
pedaço	piece
espiral	spiral
hexágono	hexagon
caracterizado	characterize
pontas	tip
próximos	close
quadrados	square
esgotar	finishes
válir	valid
perseveração	perseveration
violações	violations
curvo	curved
lateralidade	laterality
preferência	preference
arremessar	throw
bola	ball
segurar	hold
raquete	racket
tênis	tennis
fósforar	match
tesoura	scissors
distribui	distribute
martelar	hammer
prego	nail
desatarraxar	unscrew
buraco	keyhole
canhota	hand
canhoto	hand
pertubam	bother
assustar	scared
gad	gad
sep	sep
anx	anx
soc	soc
panic	panic
transposição	transposition
fosse	fose
facilitador	facilitator
parêntesis	parenthesis
prazo	deadline
envergonhado	embarrassed
meninasperto	girlsclose
temasliçãodever	themeslessonduty
divertido	fun
telefonemaligação	phonecall
chance	chance
descer	rapidly
morro	hill
ar	ride
matériadisciplina	discipline
termino	finish
mergulhar	dive
mar	sea
segredo	secret
tímido	shy
garoto	have
empurr	push
atir	throw
chão	floor
escalar	climb
montanha	mountain
deixo	leave
praça	square
presto	pay
ensinar	teach
desapontadochatear	disappoint
interrompem	interrupt
aquilo	what
planejeir	plan
eqconfanote	eqconfanote
compreendeu	understand
perguntados	questioned
poucos	few
alguns	some
condicionais	conditional
meigo	sweet
carinhoso	caring
sorrir	smile
éera	overprotective
cresçacrescesse	grow
qi	iq
pcheck	pcheck
youth	youth
strengths	strengths
inventory	inventory
mfq	mfq
divertir	fun
agitadoo	agitated
valer	be
chor	cry
odiei	hate
amar	love
entrarer	we
motivação	motivation
sopa	be
variável	variable
genoma	genome
genética	genetic
epigenético	epigenetic
transformar	into
molécula	molecule
transcriptomar	transcriptome
expliquir	explain
misericórida	misericórida
prévio	prior
deitado	lie
desconfortos	discomforts
prejudicial	harmful
laboratório	laboratory
neurociências	neurosciences
dependência	premise
genômica	genomics
aplicada	applied
filadélfia	philadelphia
estados	united
unidos	states
parceria	partnership
internacional	international
bioquímico	biochemical
expandir	expand
justificativa	justification
pós	postgraduate
graduação	the
conepos	material
futuramente	future
ônus	burden
guarda	keep
banco	bank
destruição	destruction
encerramento	closure
armazenado	store
revelar	reveal
especialista	specialist
intercorrênciar	intercurrence
garantido	guarantee
indenização	compensation
conti	conti
nue	nue
abaix	below
clínicar	clinic
assistida	assist
anônimos	anonymous
sab	know
emocionalacima	sub
oupar	come
deledelo	he
pânicoagorafobia	panicagoraphobia
marcadas	marked
imprevisíveis	unpredictable
tev	be
filhofilha	sondaughter
irmãosirmã	sister
brinc	play
ciências	science
descrevir	describe
desorientadoao	disorient
child	child
balança	scale
métrica	measure
assentimento	two
gppg	gppg
oficial	official
garantirmos	the
divulgar	publicize
doer	painful
obrigar	make
satisfação	satisfaction
afetiva	affective
fortemente	strongly
sábado	saturday
domingo	sunday
escolher	choose
tópico	topic
chateadoa	upset
acusadoa	accuse
nã	at
especifico	specific
verd	green
adeir	adhere
extremame	extreme
nte	nt
contrassenso	annoy
sozinhar	alone
extrem	extreme
descrito	describe
exvir	experience
pouc	little
muit	very
flashback	flashback
passou	start
priogoso	pious
aborrecida	upset
extremament	extremely
extremamen	extremely
nad	nothing
futebolgostaríamos	footballwe
eletricidade	electricity
aborrece	annoy
hdepressã	hdepression
tensa	tense
interfere	interfere
famíliar	family
suicidio	suicide
ocasionalmen	occasionally
ocasionalment	occasionally
estúpir	stupid
las	those
katenção	kattention
hiperativad	hyperactivate
propensoo	likely
paradoo	stilla
expansivoar	outgoing
distraídoa	distract
mandãoona	bossy
hiperativade	hyperactivity
causer	cause
lojo	store
envolvidoa	involve
colocaou	put
cinquenta	fifty
palpitar	guess
gorda	fat
apavor	terrify
esconder	hide
diabético	diabetic
orgulhoso	proud
gênio	genius
senso	sense
boma	boma
caridade	charity
preencho	in
deverão	be
escritas	must
investigaram	investigate
estranheza	feeling
inclui	it
individuo	individual
noticías	news
impressao	imprint
ha	there
experienciar	experience
nao	not
preocupac	worry
sensacao	feeling
relac	relation
piora	worsening
ideias	ideas
indíviduo	can
persecutório	persecutory
ciúme	jealousy
patológico	pathological
ideiar	idea
bizarrar	bizarre
sutis	subtle
aumentado	augmented
paranoia	paranoia
idiossincrática	idiosyncratic
descartar	discard
pairar	hang
delirante	delusional
comportamentai	behave
próxim	next
incomod	bother
sensopercepção	perception
alucinatório	hallucinatory
itar	item
perceptiva	perceptive
exacerbada	exacerbate
luzessombra	lightsshadow
hipnopômpica	hypnopompic
despersonaliz	depersonalize
transitória	transient
vivenciado	experience
fenômeno	phenomenon
subjetivo	subjective
irrelevante	irrelevant
rumo	conversation
silêncio	silent
desorganiz	disorganized
ado	ado
circunstanc	circumstance
ialidade	ity
irrelevânci	irrelevance
circunstanciali	circumstantial
dade	ity
tangencialidad	tangency
perceptível	noticeable
ente	entity
desorganizado	unorganized
vi	vi
negativos	negative
embotamen	bluntage
observado	observe
distanciament	distancing
espontânear	spontaneous
autolesivo	injurious
cortou	cut
pulso	wrist
fósforo	match
corte	cut
cravou	sharp
pontur	object
bateu	hit
machucado	bruise
soco	punch
feridas	wound
cicatrizar	heal
hospitalização	hospitalization
dshia	dshia
alerte	alert
sei	know
dshib	dshib
traumáticas	traumatic
batente	jamming
puxar	pull
assustado	scared
xingando	curse
espalhar	spread
boato	rumor
negrito	bold
apresentados	presented
angustiado	distressed
cyberbullying	cyberbullying
foto	picture
onlinar	online
positivos	positive
salter	salter
conversamo	about
origem	origin
cbemseção	cbemsection
otimista	optimistic
traquiloa	calm
clareza	clearly
medidas	measures
antropométricas	anthropometric
media	measurement
mensuração	measurement
circunferência	circumference
abdominal	abdominal
centrada	center
umbigo	navel
sete	seven
descansar	rest
caminhar	walk
exercitar	exercise
semano	do
calcula	calculate
sai	out
ditar	dictate
dez	ten
rescindido	terminate
hipócrita	hypocritical
perseverança	perseverance
marsupiais	marsupial
acabrunhado	overwhelmed
excepcional	exceptional
ricochetear	ricochet
saguões	lobby
contínuo	the
abreviatura	abbreviation
estimulo	stimulus
paro	to
seguintes	following
passos	steps
inserida	insert
localizada	locate
crie	folder
nomeada	name
salve	save
arquivos	file
gerados	generate
testagens	test
cognitivas	cognitive
pastas	folder
estas	these
localizadas	locate
mostra	show
idealmente	asks
pede	will
beatsglobal	beatsglobal
pagina	page
wwwfacebookcombeatsglobal	wwwfacebookcombeatsglobal
loginnome	login
usuário	user
aplicativo	application
intalar	install
quilometro	kilometer
tranquilo	assure
mesagem	message
funcionar	work
vamos	we
instalar	install
aplicativos	app
google	google
play	play
applestore	applestore
download	download
instalação	installation
audio	audio
escaneado	scanned
folhas	leave
devolutiva	return
adicionar	add
odiar	hate
acumulação	accumulation
oito	eight
acúmulo	accumulation
reciclar	recycle
vender	sell
coisasitem	thing
gratuitossem	free
comprar	buy
guardo	store
compro	buy
desnecessário	unnecessary
enorme	huge
trabalhoescolo	work
applause	applause
vinhetas	vintages
vinheta	vignette
sorteada	draw
sorteie	draw
anajoão	anajoão
acaso	chance
puro	pure
coincidência	coincidence
ana	ana
adiar	put
joão	john
irregular	irregularly
trancar	lock
encorajar	encourage
sussurra	whisper
sussurrar	whisper
reconhecimento	recognition
paranoidir	paranoid
psicosepsicótico	psychosepsis
nervosoataque	nerve
destinar	aim
barreira	barrier
percebir	perceive
buscario	seek
pediri	ask
pelos	with
acreditaria	believe
certezanão	do
joãoana	joãoana
colateral	effect
falecidosnão	do
cidadeetc	cityetc
útel	useful
úteis	useful
prejudiciais	harmful
desabafar	vent
reunir	gather
superir	overcome
gostarar	like
tentasse	try
delair	her
estigmatizante	stigmatize
discord	discord
elaer	want
quiser	to
perigosao	dangerous
provavelm	probably
trabalharir	work
convidarer	invite
exposição	exposure
selfie	selfie
absurda	absurd
vejo	see
mentalmente	mentally
stigma	stigma
coping	cope
sc	sc
discordar	disagree
preconceito	prejudice
prejudical	harmful
preparar	prepared
mídias	media
necessite	require
mídia	medium
site	website
streaming	spotify
youtube	youtube
spotify	to
preferencialmente	prefer
estimular	stimulate
smartv	smartv
postagem	post
especificar	specify
instragr	instagram
twitter	twitter
tabletr	tablet
joguaber	play
seguer	row
online	online
compulsivo	compulsive
inserir	insert
fornecedor	provider
financiar	finance
secretaria	secretary
especializada	specialty
parceira	partner
ru	ru
falecidoa	of
nomes	names
gêmeo	twin
consistência	consistency
idêntico	identical
gemeos	twins
cheque	check
coincidir	match
condicional	conditional
mencionado	mention
pergunto	question
mae	mother
cansada	tired
falante	talkative
acontecir	happen
piscina	pool
lagar	lake
pretendente	suitor
palestra	lecture
envergonhar	ashamed
acrescentar	add
perfeitas	perfect
exatas	exact
arrumacão	tidying
bactéria	bacteria
ritualizar	ritualized
impróprio	inappropriate
confessar	confess
fantasia	fantasy
conspirar	conspire
grade	bar
julgado	find
embriagar	drunk
apegado	attached
aulas	class
quebrava	break
valiosos	valuable
discuter	argue
ped	of
rancoroso	spiteful
vingativo	vindictive
desafiador	defiant
desatento	inattentive
esquecir	forget
impulsivo	impulsive
intrometir	intrude
meninosmenina	boysgirl
doloroso	painful
conversamos	talk
comentado	comment
inventário	inventory
beck	beck
cotação	quotation
ccoottaaççããoo	ccoottaction
ânimo	mind
neura	nervous
penoso	for
suportar	bear
pessimismo	pessimism
demasiado	overly
pessimista	pessimistic
desencorajar	discourage
surja	future
fracasso	failure
fracassar	fail
realizeir	accomplish
analiso	analyze
noto	notice
imensidade	immensity
insatisfação	dissatisfaction
descontente	unhappy
obtenhar	get
alegrar	happy
antigamente	use
culpabilidade	guilt
permanentementir	permanently
valhor	worth
punição	punishment
pressentimento	feeling
castigar	punish
mereço	deserve
ódio	hate
desiludido	disillusioned
desgostoso	disgusted
desejos	desire
suicidas	suicidal
concretizar	carry
crer	believe
choro	crying
actualmente	currently
passo	spend
sequer	even
fàcilmente	easily
permanentemente	permanently
afastamento	removal
perdir	lose
perdi	lose
simpatia	sympathy
importar	have
incapacidade	inability
procuro	try
distorção	distortion
modificação	change
feio	ugly
perturbações	disorder
fatigabilidade	fatigability
hipocondria	hypochondria
disposião	upset
noutra	anything
tranquiloa	calm
sangrar	bleed
lesivo	harmful
rubrico	person
transcriptoma	transcriptome
nuco	of
alfinete	pin
assegurar	ensure
estético	aesthetic
deitar	lie
quaisquer	any
químico	chemical
confie	trust
motivacional	motivational
disponhar	willing
prefiro	prefer
dispostoa	willing
apego	attachment
companheirosa	partners
sozinhao	alone
agredido	assault
chamas	burn
aborreço	annoy
escolauniversidade	school
desanimadoar	discourage
autoagressão	harm
professorinstrutor	teacher
etemr	ehas
sossegar	settle
finalizar	finalize
professortutor	schooluniversity
iniciou	initiated
machucou	hurt
diriar	would
osuas	its
observada	observe
cbem	cbem
pseudopalavras	pseud
tepp	tepp
escreve	write
solicitado	request
ouvida	hear
fornecida	provide
analisado	analyzed
manifestadas	manifested
ortograficamente	spellingly
veneziana	venetian
farda	uniform
disco	disco
pata	paw
tartaruga	turtle
céu	sky
marte	mars
planeta	planet
teia	web
estrada	road
louça	dishware
haste	stem
seringa	syringe
faxineiro	janitor
guloseima	dainty
estofado	upholstery
persiana	blind
juba	mane
comércio	business
nudez	nudity
massa	pasta
cortina	curtain
luar	moonlight
asa	wing
lágrima	teardrop
macho	male
cozinha	kitchen
gravata	necktie
sílabas	tender
tônicas	syllables
sublinhadas	underlined
parênteses	parenthesis
trolhaba	trolhaba
troliaba	troliaba
cheno	cheno
xeno	xeno
bove	bove
bovi	bovi
tarpuga	tarpuga
conhazi	conhazi
conhasi	conhasi
soufa	solfa
solfar	sofa
ívua	iva
midiço	midi
midisso	midi
veziona	time
vesionar	see
mipa	mipa
pirsano	pirsano
pirçano	pirçano
pirçanu	pirçanu
pirsanu	pirsanu
fopel	fopel
fopéu	fopéu
deznu	ten
desnu	naked
desno	disown
gilanero	gilanero
jilanero	jilanero
jilaneru	jilaneru
gilaneru	gilaneru
dache	dache
daxe	daxe
daxi	daxi
dachi	dachi
dorrina	dorrina
vataga	vataga
lozeina	lozein
loseina	loseine
coniva	coniva
feci	feci
fessi	fessi
viar	travel
juseira	juseira
juzeira	juzeira
felu	felu
felo	felo
zacré	zacre
tlpp	words
apresentado	present
centralizado	centralized
gravada	recorded
registrada	registered
amarelo	yellow
lesma	slug
felino	feline
correnteza	current
jaula	cage
farelo	bran
tosse	cough
selva	jungle
torta	pie
rosa	pink
chinelo	slipper
taxímetro	taximeter
meia	half
acerola	acerola
gosma	goop
fermento	yeast
leite	milk
gola	collar
terra	earth
saxofone	saxophone
cárie	caries
terno	suit
exército	army
teile	teile
rorola	rorola
gadra	gadra
jenala	jenala
varte	varte
mesla	table
chonile	chonile
lajau	lajau
taspobe	taskobe
tomenfo	tomenpho
maralo	maralo
bafau	bafau
tisso	tisso
zarronte	zarronte
moxe	moxe
ks	ks
bolefu	bolefu
senjo	senjo
nurto	nutty
tilhu	tilhu
divairo	divairo
fosaxone	phosaxone
zareo	zareo
etixero	etixero
cavermo	cavermo
adesivo	adhesive
fechamento	closing
swab	swab
isopropílico	isopropyl
contendo	contain
coletador	collector
alumínio	aluminum
selo	seal
chromatox	chromatox
lacre	destructive
inviolável	label
autodestrutiva	seal
lacrar	envelope
barbeador	shaver
descartável	disposable
pente	comb
presilha	clamp
higiene	hygiene
higienize	hygienize
gel	gel
mecha	hair
fios	threads
espessura	thickness
torcer	twist
rente	close
couto	hair
cabeludo	lock
couro	leather
raiz	the
cortado	cut
bolinha	ball
projetado	design
dobrar	fold
segura	safe
pacotinho	package
pêlo	through
corporais	body
poderão	can
colhidos	picked
pêlos	hair
axila	preferably
virilha	groin
região	region
gramas	grams
pernas	leg
misturados	mixed
chumaço	pack
analisados	analyzed
integralmente	fully
acondicionar	condition
perfurocortante	drilling
espionar	spy
discorr	disagree
usqt	usqt
informado	informed
prossiga	proceed
feita	make
viveviver	live
ema	clinic
resppstas	answer
especifiquer	specify
saca	bag
confia	not
concentrarmo	focus
tento	try
líbido	libido
questionmark	questionmark
ando	am
cuida	care